date,campaign,ad_group,keyword,impressions,clicks,cost,conversions,revenue
2026-02-13,Home Insurance,Insurance General,best home insurance,225,7,35.83,0,0.0
2026-02-13,Home Insurance,Insurance General,home insurance,223,7,32.55,0,0.0
2026-02-13,Home Insurance,Insurance General,homeowners insurance,220,8,39.41,0,0.0
2026-02-13,Home Insurance,Insurance General,house insurance policy,262,9,48.28,0,0.0
2026-02-13,Home Insurance,Insurance Quotes,cheap home insurance,182,8,42.21,0,0.0
2026-02-13,Home Insurance,Insurance Quotes,compare home insurance,235,10,48.5,0,0.0
2026-02-13,Home Insurance,Insurance Quotes,home insurance quote online,229,9,45.63,0,0.0
2026-02-13,Home Insurance,Insurance Quotes,home insurance quotes,1391,60,251.27,3,376.79
2026-02-13,Home Insurance,Insurance Quotes,home insurance rates,209,10,47.13,1,104.29
2026-02-13,Solar Leads Q1,Solar Brand,lg solar panels,727,20,33.69,0,0.0
2026-02-13,Solar Leads Q1,Solar Brand,sunpower solar,950,30,54.67,1,184.18
2026-02-13,Solar Leads Q1,Solar Brand,tesla solar roof,711,19,35.88,0,0.0
2026-02-13,Solar Leads Q1,Solar General,buy solar panels,674,21,59.43,1,153.35
2026-02-13,Solar Leads Q1,Solar General,home solar system,751,19,49.61,1,188.09
2026-02-13,Solar Leads Q1,Solar General,solar energy savings,855,22,64.21,1,154.61
2026-02-13,Solar Leads Q1,Solar General,solar panels cost,621,17,49.19,1,192.77
2026-02-13,Solar Leads Q1,Solar Local,local solar installer,812,25,75.16,1,173.44
2026-02-13,Solar Leads Q1,Solar Local,solar company near me,640,16,43.04,1,185.6
2026-02-13,Solar Leads Q1,Solar Local,solar installation near me,428,18,61.83,1,283.78
2026-02-14,Home Insurance,Insurance General,best home insurance,261,8,34.45,0,0.0
2026-02-14,Home Insurance,Insurance General,home insurance,253,10,44.68,0,0.0
2026-02-14,Home Insurance,Insurance General,homeowners insurance,263,9,48.33,0,0.0
2026-02-14,Home Insurance,Insurance General,house insurance policy,235,8,35.86,0,0.0
2026-02-14,Home Insurance,Insurance Quotes,cheap home insurance,170,7,33.7,0,0.0
2026-02-14,Home Insurance,Insurance Quotes,compare home insurance,212,10,54.86,0,0.0
2026-02-14,Home Insurance,Insurance Quotes,home insurance quote online,205,9,51.69,1,131.07
2026-02-14,Home Insurance,Insurance Quotes,home insurance quotes,1086,44,177.61,2,213.53
2026-02-14,Home Insurance,Insurance Quotes,home insurance rates,226,9,45.0,0,0.0
2026-02-14,Solar Leads Q1,Solar Brand,lg solar panels,865,24,42.94,1,175.85
2026-02-14,Solar Leads Q1,Solar Brand,sunpower solar,714,24,41.2,1,157.63
2026-02-14,Solar Leads Q1,Solar Brand,tesla solar roof,718,24,43.05,1,159.93
2026-02-14,Solar Leads Q1,Solar General,buy solar panels,686,21,64.1,1,202.28
2026-02-14,Solar Leads Q1,Solar General,home solar system,645,19,55.0,1,204.51
2026-02-14,Solar Leads Q1,Solar General,solar energy savings,809,26,64.26,1,167.41
2026-02-14,Solar Leads Q1,Solar General,solar panels cost,883,27,73.45,1,199.48
2026-02-14,Solar Leads Q1,Solar Local,local solar installer,620,21,56.32,1,197.91
2026-02-14,Solar Leads Q1,Solar Local,solar company near me,760,25,74.41,1,153.03
2026-02-14,Solar Leads Q1,Solar Local,solar installation near me,370,17,59.24,1,241.95
2026-02-15,Home Insurance,Insurance General,best home insurance,211,7,37.6,0,0.0
2026-02-15,Home Insurance,Insurance General,home insurance,257,9,42.36,0,0.0
2026-02-15,Home Insurance,Insurance General,homeowners insurance,226,8,40.39,0,0.0
2026-02-15,Home Insurance,Insurance General,house insurance policy,272,8,36.71,0,0.0
2026-02-15,Home Insurance,Insurance Quotes,cheap home insurance,185,8,44.77,0,0.0
2026-02-15,Home Insurance,Insurance Quotes,compare home insurance,171,7,33.04,0,0.0
2026-02-15,Home Insurance,Insurance Quotes,home insurance quote online,208,10,54.54,1,102.28
2026-02-15,Home Insurance,Insurance Quotes,home insurance quotes,1363,49,240.66,2,264.03
2026-02-15,Home Insurance,Insurance Quotes,home insurance rates,178,8,43.77,0,0.0
2026-02-15,Solar Leads Q1,Solar Brand,lg solar panels,969,26,42.53,1,186.45
2026-02-15,Solar Leads Q1,Solar Brand,sunpower solar,850,29,53.25,1,204.88
2026-02-15,Solar Leads Q1,Solar Brand,tesla solar roof,753,23,37.23,1,165.7
2026-02-15,Solar Leads Q1,Solar General,buy solar panels,723,18,46.94,1,206.21
2026-02-15,Solar Leads Q1,Solar General,home solar system,865,29,90.34,1,179.22
2026-02-15,Solar Leads Q1,Solar General,solar energy savings,763,19,57.81,1,198.15
2026-02-15,Solar Leads Q1,Solar General,solar panels cost,690,19,52.2,1,176.93
2026-02-15,Solar Leads Q1,Solar Local,local solar installer,771,23,71.64,1,156.09
2026-02-15,Solar Leads Q1,Solar Local,solar company near me,765,25,78.32,1,169.02
2026-02-15,Solar Leads Q1,Solar Local,solar installation near me,440,19,57.37,1,283.78
2026-02-16,Home Insurance,Insurance General,best home insurance,253,10,53.54,0,0.0
2026-02-16,Home Insurance,Insurance General,home insurance,225,9,46.92,0,0.0
2026-02-16,Home Insurance,Insurance General,homeowners insurance,225,7,35.98,0,0.0
2026-02-16,Home Insurance,Insurance General,house insurance policy,292,9,46.98,0,0.0
2026-02-16,Home Insurance,Insurance Quotes,cheap home insurance,182,8,42.36,0,0.0
2026-02-16,Home Insurance,Insurance Quotes,compare home insurance,215,10,52.48,1,115.11
2026-02-16,Home Insurance,Insurance Quotes,home insurance quote online,186,8,43.88,0,0.0
2026-02-16,Home Insurance,Insurance Quotes,home insurance quotes,1399,49,203.49,2,235.29
2026-02-16,Home Insurance,Insurance Quotes,home insurance rates,211,8,37.31,0,0.0
2026-02-16,Solar Leads Q1,Solar Brand,lg solar panels,778,26,50.29,0,0.0
2026-02-16,Solar Leads Q1,Solar Brand,sunpower solar,995,33,64.6,1,154.34
2026-02-16,Solar Leads Q1,Solar Brand,tesla solar roof,798,28,53.26,1,199.66
2026-02-16,Solar Leads Q1,Solar General,buy solar panels,762,26,79.86,1,161.0
2026-02-16,Solar Leads Q1,Solar General,home solar system,730,18,51.03,1,200.69
2026-02-16,Solar Leads Q1,Solar General,solar energy savings,823,26,64.13,1,193.03
2026-02-16,Solar Leads Q1,Solar General,solar panels cost,843,22,67.59,1,167.94
2026-02-16,Solar Leads Q1,Solar Local,local solar installer,724,23,70.34,1,203.21
2026-02-16,Solar Leads Q1,Solar Local,solar company near me,671,18,55.23,1,195.13
2026-02-16,Solar Leads Q1,Solar Local,solar installation near me,372,19,55.36,2,557.51
2026-02-17,Home Insurance,Insurance General,best home insurance,269,9,44.37,0,0.0
2026-02-17,Home Insurance,Insurance General,home insurance,243,8,34.77,0,0.0
2026-02-17,Home Insurance,Insurance General,homeowners insurance,227,9,38.54,0,0.0
2026-02-17,Home Insurance,Insurance General,house insurance policy,293,11,54.92,1,134.09
2026-02-17,Home Insurance,Insurance Quotes,cheap home insurance,184,7,32.71,0,0.0
2026-02-17,Home Insurance,Insurance Quotes,compare home insurance,180,8,37.99,0,0.0
2026-02-17,Home Insurance,Insurance Quotes,home insurance quote online,219,9,48.35,1,111.89
2026-02-17,Home Insurance,Insurance Quotes,home insurance quotes,1305,49,241.52,2,221.8
2026-02-17,Home Insurance,Insurance Quotes,home insurance rates,203,8,40.68,0,0.0
2026-02-17,Solar Leads Q1,Solar Brand,lg solar panels,897,22,37.17,1,194.58
2026-02-17,Solar Leads Q1,Solar Brand,sunpower solar,771,23,36.67,1,156.93
2026-02-17,Solar Leads Q1,Solar Brand,tesla solar roof,889,24,42.31,1,179.7
2026-02-17,Solar Leads Q1,Solar General,buy solar panels,731,23,61.11,1,178.11
2026-02-17,Solar Leads Q1,Solar General,home solar system,781,22,67.56,1,153.02
2026-02-17,Solar Leads Q1,Solar General,solar energy savings,649,19,50.59,1,189.58
2026-02-17,Solar Leads Q1,Solar General,solar panels cost,696,19,56.01,1,174.73
2026-02-17,Solar Leads Q1,Solar Local,local solar installer,817,26,78.36,1,163.75
2026-02-17,Solar Leads Q1,Solar Local,solar company near me,637,19,48.98,1,171.1
2026-02-17,Solar Leads Q1,Solar Local,solar installation near me,358,16,50.49,1,275.39
2026-02-18,Home Insurance,Insurance General,best home insurance,291,9,46.51,0,0.0
2026-02-18,Home Insurance,Insurance General,home insurance,290,9,45.84,0,0.0
2026-02-18,Home Insurance,Insurance General,homeowners insurance,265,9,39.32,0,0.0
2026-02-18,Home Insurance,Insurance General,house insurance policy,220,8,40.86,0,0.0
2026-02-18,Home Insurance,Insurance Quotes,cheap home insurance,172,8,42.6,0,0.0
2026-02-18,Home Insurance,Insurance Quotes,compare home insurance,190,8,40.88,0,0.0
2026-02-18,Home Insurance,Insurance Quotes,home insurance quote online,209,8,43.5,1,132.61
2026-02-18,Home Insurance,Insurance Quotes,home insurance quotes,1397,51,239.27,3,314.21
2026-02-18,Home Insurance,Insurance Quotes,home insurance rates,171,8,44.82,0,0.0
2026-02-18,Solar Leads Q1,Solar Brand,lg solar panels,804,25,50.4,1,188.19
2026-02-18,Solar Leads Q1,Solar Brand,sunpower solar,797,26,43.56,1,193.61
2026-02-18,Solar Leads Q1,Solar Brand,tesla solar roof,774,20,38.87,0,0.0
2026-02-18,Solar Leads Q1,Solar General,buy solar panels,674,20,52.24,1,171.15
2026-02-18,Solar Leads Q1,Solar General,home solar system,728,24,74.51,1,185.58
2026-02-18,Solar Leads Q1,Solar General,solar energy savings,616,17,46.23,1,199.09
2026-02-18,Solar Leads Q1,Solar General,solar panels cost,772,25,76.8,1,194.34
2026-02-18,Solar Leads Q1,Solar Local,local solar installer,651,19,55.02,1,173.47
2026-02-18,Solar Leads Q1,Solar Local,solar company near me,622,18,51.88,1,154.46
2026-02-18,Solar Leads Q1,Solar Local,solar installation near me,386,15,50.06,1,240.64
2026-02-19,Home Insurance,Insurance General,best home insurance,221,6,26.92,0,0.0
2026-02-19,Home Insurance,Insurance General,home insurance,215,7,31.6,0,0.0
2026-02-19,Home Insurance,Insurance General,homeowners insurance,221,7,35.71,0,0.0
2026-02-19,Home Insurance,Insurance General,house insurance policy,252,8,42.79,0,0.0
2026-02-19,Home Insurance,Insurance Quotes,cheap home insurance,167,8,38.45,0,0.0
2026-02-19,Home Insurance,Insurance Quotes,compare home insurance,169,7,35.53,0,0.0
2026-02-19,Home Insurance,Insurance Quotes,home insurance quote online,226,10,51.89,1,117.86
2026-02-19,Home Insurance,Insurance Quotes,home insurance quotes,1223,50,250.61,2,266.53
2026-02-19,Home Insurance,Insurance Quotes,home insurance rates,185,9,47.51,0,0.0
2026-02-19,Solar Leads Q1,Solar Brand,lg solar panels,925,26,45.96,1,167.63
2026-02-19,Solar Leads Q1,Solar Brand,sunpower solar,847,28,52.16,1,164.97
2026-02-19,Solar Leads Q1,Solar Brand,tesla solar roof,790,24,45.19,1,181.67
2026-02-19,Solar Leads Q1,Solar General,buy solar panels,740,23,60.44,1,154.55
2026-02-19,Solar Leads Q1,Solar General,home solar system,844,28,74.04,1,200.61
2026-02-19,Solar Leads Q1,Solar General,solar energy savings,760,23,69.16,1,192.48
2026-02-19,Solar Leads Q1,Solar General,solar panels cost,732,24,70.54,1,167.58
2026-02-19,Solar Leads Q1,Solar Local,local solar installer,809,24,60.52,1,190.29
2026-02-19,Solar Leads Q1,Solar Local,solar company near me,804,22,67.22,1,204.2
2026-02-19,Solar Leads Q1,Solar Local,solar installation near me,354,14,48.57,1,251.7
2026-02-20,Home Insurance,Insurance General,best home insurance,263,11,52.43,0,0.0
2026-02-20,Home Insurance,Insurance General,home insurance,208,7,30.22,0,0.0
2026-02-20,Home Insurance,Insurance General,homeowners insurance,291,11,47.62,1,136.23
2026-02-20,Home Insurance,Insurance General,house insurance policy,265,9,48.38,0,0.0
2026-02-20,Home Insurance,Insurance Quotes,cheap home insurance,222,9,51.8,0,0.0
2026-02-20,Home Insurance,Insurance Quotes,compare home insurance,233,9,44.82,0,0.0
2026-02-20,Home Insurance,Insurance Quotes,home insurance quote online,225,9,48.71,1,112.38
2026-02-20,Home Insurance,Insurance Quotes,home insurance quotes,1196,39,181.18,2,228.0
2026-02-20,Home Insurance,Insurance Quotes,home insurance rates,203,8,43.17,0,0.0
2026-02-20,Solar Leads Q1,Solar Brand,lg solar panels,911,32,60.21,1,179.66
2026-02-20,Solar Leads Q1,Solar Brand,sunpower solar,974,33,61.5,1,161.96
2026-02-20,Solar Leads Q1,Solar Brand,tesla solar roof,926,28,48.07,1,159.72
2026-02-20,Solar Leads Q1,Solar General,buy solar panels,657,17,49.43,0,0.0
2026-02-20,Solar Leads Q1,Solar General,home solar system,814,28,80.46,1,164.4
2026-02-20,Solar Leads Q1,Solar General,solar energy savings,847,30,82.85,1,186.54
2026-02-20,Solar Leads Q1,Solar General,solar panels cost,828,22,63.17,1,177.33
2026-02-20,Solar Leads Q1,Solar Local,local solar installer,793,28,80.75,1,182.41
2026-02-20,Solar Leads Q1,Solar Local,solar company near me,737,24,70.47,1,195.54
2026-02-20,Solar Leads Q1,Solar Local,solar installation near me,413,17,53.75,1,270.76
2026-02-21,Home Insurance,Insurance General,best home insurance,208,7,33.56,0,0.0
2026-02-21,Home Insurance,Insurance General,home insurance,233,7,33.24,0,0.0
2026-02-21,Home Insurance,Insurance General,homeowners insurance,274,8,35.94,0,0.0
2026-02-21,Home Insurance,Insurance General,house insurance policy,239,9,46.43,0,0.0
2026-02-21,Home Insurance,Insurance Quotes,cheap home insurance,213,9,44.99,1,132.68
2026-02-21,Home Insurance,Insurance Quotes,compare home insurance,191,7,39.54,0,0.0
2026-02-21,Home Insurance,Insurance Quotes,home insurance quote online,211,8,40.7,0,0.0
2026-02-21,Home Insurance,Insurance Quotes,home insurance quotes,1174,45,220.69,2,256.02
2026-02-21,Home Insurance,Insurance Quotes,home insurance rates,166,6,33.99,0,0.0
2026-02-21,Solar Leads Q1,Solar Brand,lg solar panels,861,24,39.56,1,182.35
2026-02-21,Solar Leads Q1,Solar Brand,sunpower solar,823,29,55.83,1,197.31
2026-02-21,Solar Leads Q1,Solar Brand,tesla solar roof,788,24,40.95,1,179.44
2026-02-21,Solar Leads Q1,Solar General,buy solar panels,882,30,75.8,1,159.34
2026-02-21,Solar Leads Q1,Solar General,home solar system,679,18,51.72,1,182.82
2026-02-21,Solar Leads Q1,Solar General,solar energy savings,733,24,74.1,1,205.55
2026-02-21,Solar Leads Q1,Solar General,solar panels cost,783,26,77.28,1,182.66
2026-02-21,Solar Leads Q1,Solar Local,local solar installer,752,26,80.17,1,167.92
2026-02-21,Solar Leads Q1,Solar Local,solar company near me,879,24,72.6,1,173.71
2026-02-21,Solar Leads Q1,Solar Local,solar installation near me,399,19,65.65,1,248.22
2026-02-22,Home Insurance,Insurance General,best home insurance,280,10,49.83,0,0.0
2026-02-22,Home Insurance,Insurance General,home insurance,266,10,48.76,0,0.0
2026-02-22,Home Insurance,Insurance General,homeowners insurance,286,9,43.17,0,0.0
2026-02-22,Home Insurance,Insurance General,house insurance policy,262,10,46.3,0,0.0
2026-02-22,Home Insurance,Insurance Quotes,cheap home insurance,202,10,57.88,1,111.25
2026-02-22,Home Insurance,Insurance Quotes,compare home insurance,198,9,50.45,1,114.19
2026-02-22,Home Insurance,Insurance Quotes,home insurance quote online,217,8,39.55,0,0.0
2026-02-22,Home Insurance,Insurance Quotes,home insurance quotes,1174,46,197.51,3,315.73
2026-02-22,Home Insurance,Insurance Quotes,home insurance rates,233,9,42.48,1,132.97
2026-02-22,Solar Leads Q1,Solar Brand,lg solar panels,787,28,56.36,1,167.82
2026-02-22,Solar Leads Q1,Solar Brand,sunpower solar,826,23,42.78,1,163.76
2026-02-22,Solar Leads Q1,Solar Brand,tesla solar roof,844,23,40.25,1,184.04
2026-02-22,Solar Leads Q1,Solar General,buy solar panels,828,22,62.57,1,200.03
2026-02-22,Solar Leads Q1,Solar General,home solar system,694,20,59.98,1,181.68
2026-02-22,Solar Leads Q1,Solar General,solar energy savings,734,24,73.21,1,155.48
2026-02-22,Solar Leads Q1,Solar General,solar panels cost,816,24,75.22,1,187.22
2026-02-22,Solar Leads Q1,Solar Local,local solar installer,657,19,55.47,1,184.73
2026-02-22,Solar Leads Q1,Solar Local,solar company near me,683,17,44.79,1,201.67
2026-02-22,Solar Leads Q1,Solar Local,solar installation near me,362,19,62.55,1,257.98
2026-02-23,Home Insurance,Insurance General,best home insurance,216,8,36.04,0,0.0
2026-02-23,Home Insurance,Insurance General,home insurance,266,9,39.05,0,0.0
2026-02-23,Home Insurance,Insurance General,homeowners insurance,222,7,32.78,0,0.0
2026-02-23,Home Insurance,Insurance General,house insurance policy,262,9,44.89,0,0.0
2026-02-23,Home Insurance,Insurance Quotes,cheap home insurance,176,8,39.11,0,0.0
2026-02-23,Home Insurance,Insurance Quotes,compare home insurance,181,7,38.93,0,0.0
2026-02-23,Home Insurance,Insurance Quotes,home insurance quote online,164,8,45.6,0,0.0
2026-02-23,Home Insurance,Insurance Quotes,home insurance quotes,1077,46,192.45,2,214.62
2026-02-23,Home Insurance,Insurance Quotes,home insurance rates,201,9,49.51,0,0.0
2026-02-23,Solar Leads Q1,Solar Brand,lg solar panels,810,24,38.36,1,199.19
2026-02-23,Solar Leads Q1,Solar Brand,sunpower solar,986,29,55.25,1,161.34
2026-02-23,Solar Leads Q1,Solar Brand,tesla solar roof,727,22,38.79,1,204.38
2026-02-23,Solar Leads Q1,Solar General,buy solar panels,621,21,55.04,1,202.42
2026-02-23,Solar Leads Q1,Solar General,home solar system,772,26,75.81,1,158.85
2026-02-23,Solar Leads Q1,Solar General,solar energy savings,618,19,56.91,1,189.33
2026-02-23,Solar Leads Q1,Solar General,solar panels cost,879,31,91.47,1,172.75
2026-02-23,Solar Leads Q1,Solar Local,local solar installer,854,22,55.64,1,189.21
2026-02-23,Solar Leads Q1,Solar Local,solar company near me,652,23,62.98,1,179.6
2026-02-23,Solar Leads Q1,Solar Local,solar installation near me,337,17,50.76,1,249.71
2026-02-24,Home Insurance,Insurance General,best home insurance,224,8,39.12,0,0.0
2026-02-24,Home Insurance,Insurance General,home insurance,278,10,50.75,0,0.0
2026-02-24,Home Insurance,Insurance General,homeowners insurance,216,7,32.23,0,0.0
2026-02-24,Home Insurance,Insurance General,house insurance policy,269,11,57.46,0,0.0
2026-02-24,Home Insurance,Insurance Quotes,cheap home insurance,230,11,50.7,0,0.0
2026-02-24,Home Insurance,Insurance Quotes,compare home insurance,186,7,38.17,0,0.0
2026-02-24,Home Insurance,Insurance Quotes,home insurance quote online,234,11,61.94,1,125.14
2026-02-24,Home Insurance,Insurance Quotes,home insurance quotes,1142,47,229.03,3,393.18
2026-02-24,Home Insurance,Insurance Quotes,home insurance rates,192,7,36.98,0,0.0
2026-02-24,Solar Leads Q1,Solar Brand,lg solar panels,717,24,47.59,0,0.0
2026-02-24,Solar Leads Q1,Solar Brand,sunpower solar,766,22,39.14,1,175.46
2026-02-24,Solar Leads Q1,Solar Brand,tesla solar roof,827,26,42.25,1,161.24
2026-02-24,Solar Leads Q1,Solar General,buy solar panels,634,16,49.21,1,156.55
2026-02-24,Solar Leads Q1,Solar General,home solar system,744,22,55.11,1,179.47
2026-02-24,Solar Leads Q1,Solar General,solar energy savings,849,26,77.75,1,205.06
2026-02-24,Solar Leads Q1,Solar General,solar panels cost,644,19,53.37,1,155.34
2026-02-24,Solar Leads Q1,Solar Local,local solar installer,790,26,78.96,1,164.61
2026-02-24,Solar Leads Q1,Solar Local,solar company near me,737,23,64.87,1,190.9
2026-02-24,Solar Leads Q1,Solar Local,solar installation near me,419,19,57.52,1,285.72
2026-02-25,Home Insurance,Insurance General,best home insurance,235,8,36.65,0,0.0
2026-02-25,Home Insurance,Insurance General,home insurance,242,7,35.29,0,0.0
2026-02-25,Home Insurance,Insurance General,homeowners insurance,260,10,51.47,1,105.17
2026-02-25,Home Insurance,Insurance General,house insurance policy,226,8,41.57,0,0.0
2026-02-25,Home Insurance,Insurance Quotes,cheap home insurance,218,10,53.28,0,0.0
2026-02-25,Home Insurance,Insurance Quotes,compare home insurance,218,10,51.93,1,135.27
2026-02-25,Home Insurance,Insurance Quotes,home insurance quote online,222,8,44.78,0,0.0
2026-02-25,Home Insurance,Insurance Quotes,home insurance quotes,1204,52,212.32,3,384.56
2026-02-25,Home Insurance,Insurance Quotes,home insurance rates,209,9,47.52,1,124.58
2026-02-25,Solar Leads Q1,Solar Brand,lg solar panels,978,33,52.54,1,183.96
2026-02-25,Solar Leads Q1,Solar Brand,sunpower solar,750,22,41.95,1,180.01
2026-02-25,Solar Leads Q1,Solar Brand,tesla solar roof,943,24,46.66,1,155.28
2026-02-25,Solar Leads Q1,Solar General,buy solar panels,734,20,55.81,1,159.15
2026-02-25,Solar Leads Q1,Solar General,home solar system,781,25,64.24,1,188.74
2026-02-25,Solar Leads Q1,Solar General,solar energy savings,824,25,73.72,1,155.84
2026-02-25,Solar Leads Q1,Solar General,solar panels cost,673,20,59.31,1,172.98
2026-02-25,Solar Leads Q1,Solar Local,local solar installer,652,18,46.91,1,153.42
2026-02-25,Solar Leads Q1,Solar Local,solar company near me,721,22,54.88,1,169.28
2026-02-25,Solar Leads Q1,Solar Local,solar installation near me,368,18,56.63,1,268.69
2026-02-26,Home Insurance,Insurance General,best home insurance,265,10,51.61,0,0.0
2026-02-26,Home Insurance,Insurance General,home insurance,286,11,54.78,0,0.0
2026-02-26,Home Insurance,Insurance General,homeowners insurance,236,10,43.87,1,116.11
2026-02-26,Home Insurance,Insurance General,house insurance policy,289,9,44.19,0,0.0
2026-02-26,Home Insurance,Insurance Quotes,cheap home insurance,169,8,37.98,0,0.0
2026-02-26,Home Insurance,Insurance Quotes,compare home insurance,227,8,44.95,0,0.0
2026-02-26,Home Insurance,Insurance Quotes,home insurance quote online,179,9,43.21,1,110.16
2026-02-26,Home Insurance,Insurance Quotes,home insurance quotes,1263,47,212.84,2,230.11
2026-02-26,Home Insurance,Insurance Quotes,home insurance rates,191,7,33.18,0,0.0
2026-02-26,Solar Leads Q1,Solar Brand,lg solar panels,725,23,37.09,0,0.0
2026-02-26,Solar Leads Q1,Solar Brand,sunpower solar,856,23,40.8,1,168.28
2026-02-26,Solar Leads Q1,Solar Brand,tesla solar roof,800,25,44.01,1,187.95
2026-02-26,Solar Leads Q1,Solar General,buy solar panels,739,23,64.51,1,201.38
2026-02-26,Solar Leads Q1,Solar General,home solar system,635,22,66.5,1,186.21
2026-02-26,Solar Leads Q1,Solar General,solar energy savings,751,21,52.54,1,156.07
2026-02-26,Solar Leads Q1,Solar General,solar panels cost,633,19,48.74,1,167.83
2026-02-26,Solar Leads Q1,Solar Local,local solar installer,751,20,58.88,1,176.64
2026-02-26,Solar Leads Q1,Solar Local,solar company near me,631,16,41.05,1,171.55
2026-02-26,Solar Leads Q1,Solar Local,solar installation near me,444,21,66.39,2,517.47
2026-02-27,Home Insurance,Insurance General,best home insurance,270,10,48.56,0,0.0
2026-02-27,Home Insurance,Insurance General,home insurance,280,10,52.96,1,106.95
2026-02-27,Home Insurance,Insurance General,homeowners insurance,279,10,45.54,0,0.0
2026-02-27,Home Insurance,Insurance General,house insurance policy,205,6,28.44,0,0.0
2026-02-27,Home Insurance,Insurance Quotes,cheap home insurance,174,7,34.15,0,0.0
2026-02-27,Home Insurance,Insurance Quotes,compare home insurance,211,8,40.77,1,104.44
2026-02-27,Home Insurance,Insurance Quotes,home insurance quote online,229,10,47.14,0,0.0
2026-02-27,Home Insurance,Insurance Quotes,home insurance quotes,1004,37,158.55,2,236.91
2026-02-27,Home Insurance,Insurance Quotes,home insurance rates,200,10,52.33,1,116.06
2026-02-27,Solar Leads Q1,Solar Brand,lg solar panels,769,27,48.62,1,154.52
2026-02-27,Solar Leads Q1,Solar Brand,sunpower solar,974,26,44.25,1,204.11
2026-02-27,Solar Leads Q1,Solar Brand,tesla solar roof,835,24,40.32,0,0.0
2026-02-27,Solar Leads Q1,Solar General,buy solar panels,870,31,84.05,1,168.22
2026-02-27,Solar Leads Q1,Solar General,home solar system,698,23,64.93,1,198.1
2026-02-27,Solar Leads Q1,Solar General,solar energy savings,734,20,52.47,1,177.24
2026-02-27,Solar Leads Q1,Solar General,solar panels cost,659,19,57.15,1,189.52
2026-02-27,Solar Leads Q1,Solar Local,local solar installer,843,28,70.92,1,194.21
2026-02-27,Solar Leads Q1,Solar Local,solar company near me,682,21,53.7,1,182.95
2026-02-27,Solar Leads Q1,Solar Local,solar installation near me,403,21,65.29,2,551.33
2026-02-28,Home Insurance,Insurance General,best home insurance,236,10,52.26,0,0.0
2026-02-28,Home Insurance,Insurance General,home insurance,270,8,41.18,0,0.0
2026-02-28,Home Insurance,Insurance General,homeowners insurance,233,7,33.97,0,0.0
2026-02-28,Home Insurance,Insurance General,house insurance policy,243,9,44.26,0,0.0
2026-02-28,Home Insurance,Insurance Quotes,cheap home insurance,168,8,36.96,0,0.0
2026-02-28,Home Insurance,Insurance Quotes,compare home insurance,207,9,47.56,1,115.39
2026-02-28,Home Insurance,Insurance Quotes,home insurance quote online,232,8,43.39,0,0.0
2026-02-28,Home Insurance,Insurance Quotes,home insurance quotes,1016,41,204.33,2,261.68
2026-02-28,Home Insurance,Insurance Quotes,home insurance rates,205,9,49.75,0,0.0
2026-02-28,Solar Leads Q1,Solar Brand,lg solar panels,848,25,50.12,1,181.04
2026-02-28,Solar Leads Q1,Solar Brand,sunpower solar,935,32,55.62,1,159.72
2026-02-28,Solar Leads Q1,Solar Brand,tesla solar roof,969,32,55.78,1,173.88
2026-02-28,Solar Leads Q1,Solar General,buy solar panels,825,24,61.96,1,187.11
2026-02-28,Solar Leads Q1,Solar General,home solar system,704,18,53.24,1,196.93
2026-02-28,Solar Leads Q1,Solar General,solar energy savings,708,23,68.86,1,194.66
2026-02-28,Solar Leads Q1,Solar General,solar panels cost,786,28,77.84,1,153.88
2026-02-28,Solar Leads Q1,Solar Local,local solar installer,761,21,65.7,1,163.32
2026-02-28,Solar Leads Q1,Solar Local,solar company near me,668,17,42.39,1,180.83
2026-02-28,Solar Leads Q1,Solar Local,solar installation near me,337,17,58.47,1,249.26
2026-03-01,Home Insurance,Insurance General,best home insurance,234,9,39.72,0,0.0
2026-03-01,Home Insurance,Insurance General,home insurance,262,9,48.1,0,0.0
2026-03-01,Home Insurance,Insurance General,homeowners insurance,275,10,52.35,0,0.0
2026-03-01,Home Insurance,Insurance General,house insurance policy,286,8,37.78,0,0.0
2026-03-01,Home Insurance,Insurance Quotes,cheap home insurance,175,8,46.01,0,0.0
2026-03-01,Home Insurance,Insurance Quotes,compare home insurance,204,10,56.27,0,0.0
2026-03-01,Home Insurance,Insurance Quotes,home insurance quote online,185,8,37.86,0,0.0
2026-03-01,Home Insurance,Insurance Quotes,home insurance quotes,1349,47,231.55,3,365.49
2026-03-01,Home Insurance,Insurance Quotes,home insurance rates,205,9,48.39,1,117.0
2026-03-01,Solar Leads Q1,Solar Brand,lg solar panels,857,28,53.05,1,156.98
2026-03-01,Solar Leads Q1,Solar Brand,sunpower solar,705,22,42.36,1,196.4
2026-03-01,Solar Leads Q1,Solar Brand,tesla solar roof,884,23,41.91,1,206.98
2026-03-01,Solar Leads Q1,Solar General,buy solar panels,857,25,69.19,1,189.82
2026-03-01,Solar Leads Q1,Solar General,home solar system,862,26,69.05,1,199.05
2026-03-01,Solar Leads Q1,Solar General,solar energy savings,685,19,53.99,1,206.8
2026-03-01,Solar Leads Q1,Solar General,solar panels cost,645,21,55.27,1,173.9
2026-03-01,Solar Leads Q1,Solar Local,local solar installer,752,19,56.95,1,160.5
2026-03-01,Solar Leads Q1,Solar Local,solar company near me,844,27,82.7,1,187.44
2026-03-01,Solar Leads Q1,Solar Local,solar installation near me,374,16,55.45,1,262.19
2026-03-02,Home Insurance,Insurance General,best home insurance,273,9,43.24,0,0.0
2026-03-02,Home Insurance,Insurance General,home insurance,263,9,47.16,0,0.0
2026-03-02,Home Insurance,Insurance General,homeowners insurance,284,11,51.92,1,115.17
2026-03-02,Home Insurance,Insurance General,house insurance policy,256,8,37.48,0,0.0
2026-03-02,Home Insurance,Insurance Quotes,cheap home insurance,173,7,32.43,0,0.0
2026-03-02,Home Insurance,Insurance Quotes,compare home insurance,201,8,42.66,0,0.0
2026-03-02,Home Insurance,Insurance Quotes,home insurance quote online,218,8,45.98,0,0.0
2026-03-02,Home Insurance,Insurance Quotes,home insurance quotes,1405,51,208.5,3,342.62
2026-03-02,Home Insurance,Insurance Quotes,home insurance rates,217,8,46.5,0,0.0
2026-03-02,Solar Leads Q1,Solar Brand,lg solar panels,762,22,44.04,0,0.0
2026-03-02,Solar Leads Q1,Solar Brand,sunpower solar,792,26,47.67,1,180.8
2026-03-02,Solar Leads Q1,Solar Brand,tesla solar roof,791,20,35.99,1,180.29
2026-03-02,Solar Leads Q1,Solar General,buy solar panels,808,26,69.53,1,205.67
2026-03-02,Solar Leads Q1,Solar General,home solar system,733,22,55.09,1,185.76
2026-03-02,Solar Leads Q1,Solar General,solar energy savings,832,27,75.29,1,156.94
2026-03-02,Solar Leads Q1,Solar General,solar panels cost,749,23,66.55,1,204.66
2026-03-02,Solar Leads Q1,Solar Local,local solar installer,682,23,66.18,1,170.68
2026-03-02,Solar Leads Q1,Solar Local,solar company near me,681,17,44.94,1,173.74
2026-03-02,Solar Leads Q1,Solar Local,solar installation near me,381,18,52.5,1,258.26
2026-03-03,Home Insurance,Insurance General,best home insurance,229,7,35.98,0,0.0
2026-03-03,Home Insurance,Insurance General,home insurance,267,10,49.65,0,0.0
2026-03-03,Home Insurance,Insurance General,homeowners insurance,225,9,43.8,0,0.0
2026-03-03,Home Insurance,Insurance General,house insurance policy,268,9,40.17,0,0.0
2026-03-03,Home Insurance,Insurance Quotes,cheap home insurance,178,8,41.39,0,0.0
2026-03-03,Home Insurance,Insurance Quotes,compare home insurance,208,9,42.73,0,0.0
2026-03-03,Home Insurance,Insurance Quotes,home insurance quote online,215,9,44.41,1,111.23
2026-03-03,Home Insurance,Insurance Quotes,home insurance quotes,1337,59,296.1,4,449.83
2026-03-03,Home Insurance,Insurance Quotes,home insurance rates,209,7,36.67,0,0.0
2026-03-03,Solar Leads Q1,Solar Brand,lg solar panels,801,23,45.49,1,191.93
2026-03-03,Solar Leads Q1,Solar Brand,sunpower solar,922,23,45.1,1,164.2
2026-03-03,Solar Leads Q1,Solar Brand,tesla solar roof,899,27,46.56,1,162.35
2026-03-03,Solar Leads Q1,Solar General,buy solar panels,770,25,74.64,1,162.21
2026-03-03,Solar Leads Q1,Solar General,home solar system,622,18,52.67,1,195.28
2026-03-03,Solar Leads Q1,Solar General,solar energy savings,879,27,78.75,1,192.17
2026-03-03,Solar Leads Q1,Solar General,solar panels cost,806,22,62.08,1,172.89
2026-03-03,Solar Leads Q1,Solar Local,local solar installer,801,23,59.01,1,202.71
2026-03-03,Solar Leads Q1,Solar Local,solar company near me,871,22,54.67,1,169.94
2026-03-03,Solar Leads Q1,Solar Local,solar installation near me,417,21,69.28,1,269.4
2026-03-04,Home Insurance,Insurance General,best home insurance,290,9,45.83,0,0.0
2026-03-04,Home Insurance,Insurance General,home insurance,273,8,39.02,0,0.0
2026-03-04,Home Insurance,Insurance General,homeowners insurance,251,7,36.24,0,0.0
2026-03-04,Home Insurance,Insurance General,house insurance policy,234,7,30.7,0,0.0
2026-03-04,Home Insurance,Insurance Quotes,cheap home insurance,229,9,42.5,0,0.0
2026-03-04,Home Insurance,Insurance Quotes,compare home insurance,175,8,37.94,0,0.0
2026-03-04,Home Insurance,Insurance Quotes,home insurance quote online,200,10,50.82,1,113.2
2026-03-04,Home Insurance,Insurance Quotes,home insurance quotes,1283,41,191.31,2,226.09
2026-03-04,Home Insurance,Insurance Quotes,home insurance rates,197,8,42.09,0,0.0
2026-03-04,Solar Leads Q1,Solar Brand,lg solar panels,775,21,37.43,1,195.7
2026-03-04,Solar Leads Q1,Solar Brand,sunpower solar,999,30,51.21,1,203.68
2026-03-04,Solar Leads Q1,Solar Brand,tesla solar roof,840,22,42.94,0,0.0
2026-03-04,Solar Leads Q1,Solar General,buy solar panels,759,25,71.25,1,202.31
2026-03-04,Solar Leads Q1,Solar General,home solar system,701,22,68.46,1,157.83
2026-03-04,Solar Leads Q1,Solar General,solar energy savings,867,30,82.12,1,163.77
2026-03-04,Solar Leads Q1,Solar General,solar panels cost,823,20,50.63,1,203.17
2026-03-04,Solar Leads Q1,Solar Local,local solar installer,617,19,58.01,1,206.08
2026-03-04,Solar Leads Q1,Solar Local,solar company near me,748,26,71.0,1,203.01
2026-03-04,Solar Leads Q1,Solar Local,solar installation near me,455,18,53.11,1,285.85
2026-03-05,Home Insurance,Insurance General,best home insurance,252,10,48.51,0,0.0
2026-03-05,Home Insurance,Insurance General,home insurance,266,10,46.57,0,0.0
2026-03-05,Home Insurance,Insurance General,homeowners insurance,221,8,37.0,0,0.0
2026-03-05,Home Insurance,Insurance General,house insurance policy,205,6,26.88,0,0.0
2026-03-05,Home Insurance,Insurance Quotes,cheap home insurance,166,7,32.91,0,0.0
2026-03-05,Home Insurance,Insurance Quotes,compare home insurance,192,7,38.5,0,0.0
2026-03-05,Home Insurance,Insurance Quotes,home insurance quote online,219,10,50.99,0,0.0
2026-03-05,Home Insurance,Insurance Quotes,home insurance quotes,1388,57,242.69,3,393.42
2026-03-05,Home Insurance,Insurance Quotes,home insurance rates,200,8,37.17,0,0.0
2026-03-05,Solar Leads Q1,Solar Brand,lg solar panels,1000,29,51.2,1,201.97
2026-03-05,Solar Leads Q1,Solar Brand,sunpower solar,982,25,50.34,1,154.71
2026-03-05,Solar Leads Q1,Solar Brand,tesla solar roof,932,31,54.58,1,187.88
2026-03-05,Solar Leads Q1,Solar General,buy solar panels,670,21,53.38,1,180.56
2026-03-05,Solar Leads Q1,Solar General,home solar system,769,20,56.07,1,181.1
2026-03-05,Solar Leads Q1,Solar General,solar energy savings,636,20,58.74,1,182.57
2026-03-05,Solar Leads Q1,Solar General,solar panels cost,818,28,73.65,1,177.12
2026-03-05,Solar Leads Q1,Solar Local,local solar installer,771,19,56.34,1,156.44
2026-03-05,Solar Leads Q1,Solar Local,solar company near me,832,27,74.92,1,197.09
2026-03-05,Solar Leads Q1,Solar Local,solar installation near me,393,18,61.87,1,237.0
2026-03-06,Home Insurance,Insurance General,best home insurance,274,9,43.74,0,0.0
2026-03-06,Home Insurance,Insurance General,home insurance,248,10,48.68,0,0.0
2026-03-06,Home Insurance,Insurance General,homeowners insurance,289,12,50.9,0,0.0
2026-03-06,Home Insurance,Insurance General,house insurance policy,226,8,38.21,0,0.0
2026-03-06,Home Insurance,Insurance Quotes,cheap home insurance,179,7,36.95,0,0.0
2026-03-06,Home Insurance,Insurance Quotes,compare home insurance,194,7,37.09,0,0.0
2026-03-06,Home Insurance,Insurance Quotes,home insurance quote online,224,11,56.78,1,116.9
2026-03-06,Home Insurance,Insurance Quotes,home insurance quotes,1205,46,195.15,2,274.65
2026-03-06,Home Insurance,Insurance Quotes,home insurance rates,199,9,50.54,1,111.26
2026-03-06,Solar Leads Q1,Solar Brand,lg solar panels,964,26,47.96,1,192.11
2026-03-06,Solar Leads Q1,Solar Brand,sunpower solar,759,24,40.53,1,198.75
2026-03-06,Solar Leads Q1,Solar Brand,tesla solar roof,918,24,38.97,1,189.38
2026-03-06,Solar Leads Q1,Solar General,buy solar panels,877,30,83.91,1,195.43
2026-03-06,Solar Leads Q1,Solar General,home solar system,852,29,89.94,1,176.07
2026-03-06,Solar Leads Q1,Solar General,solar energy savings,793,21,53.77,1,156.29
2026-03-06,Solar Leads Q1,Solar General,solar panels cost,776,25,66.96,1,169.3
2026-03-06,Solar Leads Q1,Solar Local,local solar installer,766,27,83.13,1,160.24
2026-03-06,Solar Leads Q1,Solar Local,solar company near me,844,24,66.77,1,196.51
2026-03-06,Solar Leads Q1,Solar Local,solar installation near me,387,15,45.91,1,273.23
2026-03-07,Home Insurance,Insurance General,best home insurance,244,9,43.2,0,0.0
2026-03-07,Home Insurance,Insurance General,home insurance,255,11,51.61,0,0.0
2026-03-07,Home Insurance,Insurance General,homeowners insurance,263,10,52.01,1,105.37
2026-03-07,Home Insurance,Insurance General,house insurance policy,254,7,32.63,0,0.0
2026-03-07,Home Insurance,Insurance Quotes,cheap home insurance,204,7,39.89,0,0.0
2026-03-07,Home Insurance,Insurance Quotes,compare home insurance,206,9,51.98,1,116.34
2026-03-07,Home Insurance,Insurance Quotes,home insurance quote online,198,7,39.79,0,0.0
2026-03-07,Home Insurance,Insurance Quotes,home insurance quotes,1212,38,154.39,2,266.5
2026-03-07,Home Insurance,Insurance Quotes,home insurance rates,175,7,32.7,0,0.0
2026-03-07,Solar Leads Q1,Solar Brand,lg solar panels,946,26,47.1,1,173.14
2026-03-07,Solar Leads Q1,Solar Brand,sunpower solar,702,23,46.14,1,196.53
2026-03-07,Solar Leads Q1,Solar Brand,tesla solar roof,729,19,37.56,0,0.0
2026-03-07,Solar Leads Q1,Solar General,buy solar panels,795,26,80.58,1,198.5
2026-03-07,Solar Leads Q1,Solar General,home solar system,788,20,56.57,1,198.72
2026-03-07,Solar Leads Q1,Solar General,solar energy savings,660,21,62.96,1,202.51
2026-03-07,Solar Leads Q1,Solar General,solar panels cost,875,28,84.45,1,162.08
2026-03-07,Solar Leads Q1,Solar Local,local solar installer,763,19,46.9,1,167.84
2026-03-07,Solar Leads Q1,Solar Local,solar company near me,795,25,71.98,1,179.34
2026-03-07,Solar Leads Q1,Solar Local,solar installation near me,429,16,47.9,1,253.41
2026-03-08,Home Insurance,Insurance General,best home insurance,248,7,32.96,0,0.0
2026-03-08,Home Insurance,Insurance General,home insurance,231,8,37.34,0,0.0
2026-03-08,Home Insurance,Insurance General,homeowners insurance,293,11,57.93,0,0.0
2026-03-08,Home Insurance,Insurance General,house insurance policy,232,8,35.07,0,0.0
2026-03-08,Home Insurance,Insurance Quotes,cheap home insurance,222,11,54.93,1,106.9
2026-03-08,Home Insurance,Insurance Quotes,compare home insurance,232,9,44.79,0,0.0
2026-03-08,Home Insurance,Insurance Quotes,home insurance quote online,187,8,46.08,1,113.86
2026-03-08,Home Insurance,Insurance Quotes,home insurance quotes,1240,42,194.67,2,225.94
2026-03-08,Home Insurance,Insurance Quotes,home insurance rates,184,8,46.28,0,0.0
2026-03-08,Solar Leads Q1,Solar Brand,lg solar panels,805,21,33.5,0,0.0
2026-03-08,Solar Leads Q1,Solar Brand,sunpower solar,698,19,30.97,0,0.0
2026-03-08,Solar Leads Q1,Solar Brand,tesla solar roof,754,22,36.11,1,175.03
2026-03-08,Solar Leads Q1,Solar General,buy solar panels,622,17,50.73,1,179.49
2026-03-08,Solar Leads Q1,Solar General,home solar system,706,23,69.63,1,174.42
2026-03-08,Solar Leads Q1,Solar General,solar energy savings,750,26,76.72,1,176.6
2026-03-08,Solar Leads Q1,Solar General,solar panels cost,704,23,70.53,1,206.38
2026-03-08,Solar Leads Q1,Solar Local,local solar installer,807,25,64.19,1,170.1
2026-03-08,Solar Leads Q1,Solar Local,solar company near me,782,26,65.56,1,157.43
2026-03-08,Solar Leads Q1,Solar Local,solar installation near me,463,20,61.79,2,536.71
2026-03-09,Home Insurance,Insurance General,best home insurance,215,9,47.99,0,0.0
2026-03-09,Home Insurance,Insurance General,home insurance,228,8,33.89,0,0.0
2026-03-09,Home Insurance,Insurance General,homeowners insurance,245,8,39.09,0,0.0
2026-03-09,Home Insurance,Insurance General,house insurance policy,236,7,33.6,0,0.0
2026-03-09,Home Insurance,Insurance Quotes,cheap home insurance,210,9,50.72,0,0.0
2026-03-09,Home Insurance,Insurance Quotes,compare home insurance,176,6,29.28,0,0.0
2026-03-09,Home Insurance,Insurance Quotes,home insurance quote online,186,7,38.12,0,0.0
2026-03-09,Home Insurance,Insurance Quotes,home insurance quotes,1073,41,182.52,2,235.55
2026-03-09,Home Insurance,Insurance Quotes,home insurance rates,193,7,34.06,0,0.0
2026-03-09,Solar Leads Q1,Solar Brand,lg solar panels,819,27,50.67,1,176.24
2026-03-09,Solar Leads Q1,Solar Brand,sunpower solar,861,27,53.21,1,194.52
2026-03-09,Solar Leads Q1,Solar Brand,tesla solar roof,805,25,46.7,0,0.0
2026-03-09,Solar Leads Q1,Solar General,buy solar panels,836,28,82.03,1,179.96
2026-03-09,Solar Leads Q1,Solar General,home solar system,739,24,74.51,1,168.73
2026-03-09,Solar Leads Q1,Solar General,solar energy savings,774,24,68.23,1,182.71
2026-03-09,Solar Leads Q1,Solar General,solar panels cost,716,24,63.05,1,159.15
2026-03-09,Solar Leads Q1,Solar Local,local solar installer,801,24,73.98,1,172.41
2026-03-09,Solar Leads Q1,Solar Local,solar company near me,882,26,65.36,1,180.36
2026-03-09,Solar Leads Q1,Solar Local,solar installation near me,362,17,56.14,1,275.03
2026-03-10,Home Insurance,Insurance General,best home insurance,253,8,36.33,0,0.0
2026-03-10,Home Insurance,Insurance General,home insurance,205,6,27.83,0,0.0
2026-03-10,Home Insurance,Insurance General,homeowners insurance,249,9,43.26,0,0.0
2026-03-10,Home Insurance,Insurance General,house insurance policy,212,6,28.72,0,0.0
2026-03-10,Home Insurance,Insurance Quotes,cheap home insurance,235,8,42.06,0,0.0
2026-03-10,Home Insurance,Insurance Quotes,compare home insurance,235,10,49.48,1,131.4
2026-03-10,Home Insurance,Insurance Quotes,home insurance quote online,190,9,50.43,0,0.0
2026-03-10,Home Insurance,Insurance Quotes,home insurance quotes,1221,40,191.49,2,259.81
2026-03-10,Home Insurance,Insurance Quotes,home insurance rates,235,11,56.36,1,131.19
2026-03-10,Solar Leads Q1,Solar Brand,lg solar panels,739,21,37.71,0,0.0
2026-03-10,Solar Leads Q1,Solar Brand,sunpower solar,824,21,37.9,1,163.03
2026-03-10,Solar Leads Q1,Solar Brand,tesla solar roof,909,29,53.9,1,182.97
2026-03-10,Solar Leads Q1,Solar General,buy solar panels,847,26,68.65,1,185.24
2026-03-10,Solar Leads Q1,Solar General,home solar system,850,23,58.24,1,177.71
2026-03-10,Solar Leads Q1,Solar General,solar energy savings,670,22,64.63,1,156.38
2026-03-10,Solar Leads Q1,Solar General,solar panels cost,780,21,52.16,1,174.0
2026-03-10,Solar Leads Q1,Solar Local,local solar installer,646,18,45.97,1,190.45
2026-03-10,Solar Leads Q1,Solar Local,solar company near me,805,22,66.24,1,157.58
2026-03-10,Solar Leads Q1,Solar Local,solar installation near me,412,18,59.14,1,266.1
2026-03-11,Home Insurance,Insurance General,best home insurance,209,6,30.06,0,0.0
2026-03-11,Home Insurance,Insurance General,home insurance,264,9,42.77,0,0.0
2026-03-11,Home Insurance,Insurance General,homeowners insurance,243,8,35.8,0,0.0
2026-03-11,Home Insurance,Insurance General,house insurance policy,257,9,41.52,0,0.0
2026-03-11,Home Insurance,Insurance Quotes,cheap home insurance,183,8,45.92,0,0.0
2026-03-11,Home Insurance,Insurance Quotes,compare home insurance,175,7,39.93,0,0.0
2026-03-11,Home Insurance,Insurance Quotes,home insurance quote online,213,8,38.63,0,0.0
2026-03-11,Home Insurance,Insurance Quotes,home insurance quotes,1354,50,204.71,2,272.98
2026-03-11,Home Insurance,Insurance Quotes,home insurance rates,211,10,48.68,0,0.0
2026-03-11,Solar Leads Q1,Solar Brand,lg solar panels,697,23,39.68,1,192.47
2026-03-11,Solar Leads Q1,Solar Brand,sunpower solar,835,26,45.84,1,158.03
2026-03-11,Solar Leads Q1,Solar Brand,tesla solar roof,782,27,48.78,1,204.31
2026-03-11,Solar Leads Q1,Solar General,buy solar panels,846,30,79.31,1,158.14
2026-03-11,Solar Leads Q1,Solar General,home solar system,760,21,55.71,1,168.62
2026-03-11,Solar Leads Q1,Solar General,solar energy savings,670,18,46.04,1,171.94
2026-03-11,Solar Leads Q1,Solar General,solar panels cost,709,23,65.76,1,161.96
2026-03-11,Solar Leads Q1,Solar Local,local solar installer,797,24,71.42,1,167.51
2026-03-11,Solar Leads Q1,Solar Local,solar company near me,848,23,58.63,1,197.74
2026-03-11,Solar Leads Q1,Solar Local,solar installation near me,441,23,81.77,2,558.17
2026-03-12,Home Insurance,Insurance General,best home insurance,256,9,46.94,0,0.0
2026-03-12,Home Insurance,Insurance General,home insurance,272,9,43.3,0,0.0
2026-03-12,Home Insurance,Insurance General,homeowners insurance,249,8,42.59,0,0.0
2026-03-12,Home Insurance,Insurance General,house insurance policy,292,12,57.99,1,106.75
2026-03-12,Home Insurance,Insurance Quotes,cheap home insurance,193,9,46.81,0,0.0
2026-03-12,Home Insurance,Insurance Quotes,compare home insurance,183,7,37.41,0,0.0
2026-03-12,Home Insurance,Insurance Quotes,home insurance quote online,168,8,37.01,0,0.0
2026-03-12,Home Insurance,Insurance Quotes,home insurance quotes,1316,41,204.62,2,222.88
2026-03-12,Home Insurance,Insurance Quotes,home insurance rates,202,8,44.68,0,0.0
2026-03-12,Solar Leads Q1,Solar Brand,lg solar panels,956,30,56.47,1,180.96
2026-03-12,Solar Leads Q1,Solar Brand,sunpower solar,991,28,49.0,1,167.96
2026-03-12,Solar Leads Q1,Solar Brand,tesla solar roof,866,27,43.75,1,195.06
2026-03-12,Solar Leads Q1,Solar General,buy solar panels,823,27,69.02,1,206.62
2026-03-12,Solar Leads Q1,Solar General,home solar system,812,21,57.15,1,200.57
2026-03-12,Solar Leads Q1,Solar General,solar energy savings,881,26,78.34,1,156.82
2026-03-12,Solar Leads Q1,Solar General,solar panels cost,676,22,56.17,1,190.56
2026-03-12,Solar Leads Q1,Solar Local,local solar installer,638,16,48.67,1,184.84
2026-03-12,Solar Leads Q1,Solar Local,solar company near me,784,21,61.94,1,190.07
2026-03-12,Solar Leads Q1,Solar Local,solar installation near me,404,15,43.89,1,256.89
2026-03-13,Home Insurance,Insurance General,best home insurance,277,11,48.74,1,104.48
2026-03-13,Home Insurance,Insurance General,home insurance,288,11,48.37,1,134.9
2026-03-13,Home Insurance,Insurance General,homeowners insurance,242,8,40.62,0,0.0
2026-03-13,Home Insurance,Insurance General,house insurance policy,212,7,31.76,0,0.0
2026-03-13,Home Insurance,Insurance Quotes,cheap home insurance,206,9,46.39,1,109.04
2026-03-13,Home Insurance,Insurance Quotes,compare home insurance,218,8,45.6,0,0.0
2026-03-13,Home Insurance,Insurance Quotes,home insurance quote online,178,8,36.69,0,0.0
2026-03-13,Home Insurance,Insurance Quotes,home insurance quotes,1105,47,209.73,2,243.82
2026-03-13,Home Insurance,Insurance Quotes,home insurance rates,188,9,43.8,1,136.24
2026-03-13,Solar Leads Q1,Solar Brand,lg solar panels,961,26,41.68,1,173.68
2026-03-13,Solar Leads Q1,Solar Brand,sunpower solar,849,26,45.23,1,166.78
2026-03-13,Solar Leads Q1,Solar Brand,tesla solar roof,872,28,45.6,1,180.48
2026-03-13,Solar Leads Q1,Solar General,buy solar panels,659,23,67.51,1,195.28
2026-03-13,Solar Leads Q1,Solar General,home solar system,815,27,72.14,1,191.23
2026-03-13,Solar Leads Q1,Solar General,solar energy savings,638,19,47.56,1,185.88
2026-03-13,Solar Leads Q1,Solar General,solar panels cost,632,20,58.43,1,198.71
2026-03-13,Solar Leads Q1,Solar Local,local solar installer,807,25,62.67,1,177.58
2026-03-13,Solar Leads Q1,Solar Local,solar company near me,823,21,64.25,1,167.69
2026-03-13,Solar Leads Q1,Solar Local,solar installation near me,352,14,47.17,1,247.98
2026-03-14,Home Insurance,Insurance General,best home insurance,227,8,40.69,0,0.0
2026-03-14,Home Insurance,Insurance General,home insurance,267,8,41.41,0,0.0
2026-03-14,Home Insurance,Insurance General,homeowners insurance,227,8,34.63,0,0.0
2026-03-14,Home Insurance,Insurance General,house insurance policy,294,9,40.71,0,0.0
2026-03-14,Home Insurance,Insurance Quotes,cheap home insurance,165,6,33.54,0,0.0
2026-03-14,Home Insurance,Insurance Quotes,compare home insurance,229,11,52.1,1,103.54
2026-03-14,Home Insurance,Insurance Quotes,home insurance quote online,209,9,45.36,1,111.32
2026-03-14,Home Insurance,Insurance Quotes,home insurance quotes,1342,60,238.37,3,394.96
2026-03-14,Home Insurance,Insurance Quotes,home insurance rates,176,8,41.21,0,0.0
2026-03-14,Solar Leads Q1,Solar Brand,lg solar panels,778,20,34.34,0,0.0
2026-03-14,Solar Leads Q1,Solar Brand,sunpower solar,935,29,48.48,1,161.88
2026-03-14,Solar Leads Q1,Solar Brand,tesla solar roof,821,25,44.63,1,164.21
2026-03-14,Solar Leads Q1,Solar General,buy solar panels,715,25,73.37,1,158.16
2026-03-14,Solar Leads Q1,Solar General,home solar system,640,22,64.73,1,181.07
2026-03-14,Solar Leads Q1,Solar General,solar energy savings,679,20,56.4,1,206.84
2026-03-14,Solar Leads Q1,Solar General,solar panels cost,792,27,66.55,1,158.61
2026-03-14,Solar Leads Q1,Solar Local,local solar installer,813,23,67.5,1,157.03
2026-03-14,Solar Leads Q1,Solar Local,solar company near me,678,19,59.13,1,196.24
2026-03-14,Solar Leads Q1,Solar Local,solar installation near me,446,17,49.62,1,256.62
2026-03-15,Home Insurance,Insurance General,best home insurance,284,10,53.62,0,0.0
2026-03-15,Home Insurance,Insurance General,home insurance,236,9,46.28,0,0.0
2026-03-15,Home Insurance,Insurance General,homeowners insurance,277,10,49.07,1,103.02
2026-03-15,Home Insurance,Insurance General,house insurance policy,290,10,50.31,0,0.0
2026-03-15,Home Insurance,Insurance Quotes,cheap home insurance,187,7,39.41,0,0.0
2026-03-15,Home Insurance,Insurance Quotes,compare home insurance,224,11,60.97,1,115.45
2026-03-15,Home Insurance,Insurance Quotes,home insurance quote online,178,6,34.33,0,0.0
2026-03-15,Home Insurance,Insurance Quotes,home insurance quotes,1084,37,150.13,2,204.05
2026-03-15,Home Insurance,Insurance Quotes,home insurance rates,192,7,40.26,0,0.0
2026-03-15,Solar Leads Q1,Solar Brand,lg solar panels,714,25,49.51,0,0.0
2026-03-15,Solar Leads Q1,Solar Brand,sunpower solar,1000,30,48.28,1,206.98
2026-03-15,Solar Leads Q1,Solar Brand,tesla solar roof,727,23,46.11,1,197.08
2026-03-15,Solar Leads Q1,Solar General,buy solar panels,668,23,58.79,1,187.06
2026-03-15,Solar Leads Q1,Solar General,home solar system,726,22,58.57,1,168.11
2026-03-15,Solar Leads Q1,Solar General,solar energy savings,853,21,55.69,1,166.27
2026-03-15,Solar Leads Q1,Solar General,solar panels cost,799,21,52.16,1,163.11
2026-03-15,Solar Leads Q1,Solar Local,local solar installer,701,19,49.11,1,195.04
2026-03-15,Solar Leads Q1,Solar Local,solar company near me,745,26,73.58,1,173.97
2026-03-15,Solar Leads Q1,Solar Local,solar installation near me,442,23,78.94,2,505.35
2026-03-16,Home Insurance,Insurance General,best home insurance,238,9,39.78,0,0.0
2026-03-16,Home Insurance,Insurance General,home insurance,239,9,43.13,0,0.0
2026-03-16,Home Insurance,Insurance General,homeowners insurance,263,10,52.19,0,0.0
2026-03-16,Home Insurance,Insurance General,house insurance policy,231,8,41.59,0,0.0
2026-03-16,Home Insurance,Insurance Quotes,cheap home insurance,177,8,38.66,0,0.0
2026-03-16,Home Insurance,Insurance Quotes,compare home insurance,184,7,34.35,0,0.0
2026-03-16,Home Insurance,Insurance Quotes,home insurance quote online,175,8,46.02,0,0.0
2026-03-16,Home Insurance,Insurance Quotes,home insurance quotes,1240,49,198.97,3,309.35
2026-03-16,Home Insurance,Insurance Quotes,home insurance rates,175,7,39.37,0,0.0
2026-03-16,Solar Leads Q1,Solar Brand,lg solar panels,815,26,41.2,1,200.77
2026-03-16,Solar Leads Q1,Solar Brand,sunpower solar,913,29,47.05,1,177.12
2026-03-16,Solar Leads Q1,Solar Brand,tesla solar roof,773,20,33.97,0,0.0
2026-03-16,Solar Leads Q1,Solar General,buy solar panels,811,28,71.39,1,174.15
2026-03-16,Solar Leads Q1,Solar General,home solar system,774,21,54.89,1,190.18
2026-03-16,Solar Leads Q1,Solar General,solar energy savings,876,28,72.27,1,195.5
2026-03-16,Solar Leads Q1,Solar General,solar panels cost,871,29,74.53,1,188.06
2026-03-16,Solar Leads Q1,Solar Local,local solar installer,679,24,71.16,1,200.81
2026-03-16,Solar Leads Q1,Solar Local,solar company near me,674,21,65.4,1,160.59
2026-03-16,Solar Leads Q1,Solar Local,solar installation near me,466,17,60.85,1,281.89
2026-03-17,Home Insurance,Insurance General,best home insurance,234,8,37.45,0,0.0
2026-03-17,Home Insurance,Insurance General,home insurance,292,11,58.94,0,0.0
2026-03-17,Home Insurance,Insurance General,homeowners insurance,244,10,53.62,1,132.03
2026-03-17,Home Insurance,Insurance General,house insurance policy,286,12,54.25,0,0.0
2026-03-17,Home Insurance,Insurance Quotes,cheap home insurance,171,7,36.95,0,0.0
2026-03-17,Home Insurance,Insurance Quotes,compare home insurance,191,8,40.71,0,0.0
2026-03-17,Home Insurance,Insurance Quotes,home insurance quote online,206,9,42.85,1,135.3
2026-03-17,Home Insurance,Insurance Quotes,home insurance quotes,1253,48,230.85,3,350.76
2026-03-17,Home Insurance,Insurance Quotes,home insurance rates,174,8,39.36,0,0.0
2026-03-17,Solar Leads Q1,Solar Brand,lg solar panels,886,23,43.16,1,162.34
2026-03-17,Solar Leads Q1,Solar Brand,sunpower solar,842,29,56.8,1,157.26
2026-03-17,Solar Leads Q1,Solar Brand,tesla solar roof,915,27,53.3,1,196.22
2026-03-17,Solar Leads Q1,Solar General,buy solar panels,714,21,64.24,1,178.11
2026-03-17,Solar Leads Q1,Solar General,home solar system,793,20,55.85,1,162.98
2026-03-17,Solar Leads Q1,Solar General,solar energy savings,637,21,55.86,1,174.46
2026-03-17,Solar Leads Q1,Solar General,solar panels cost,777,21,61.09,1,162.22
2026-03-17,Solar Leads Q1,Solar Local,local solar installer,842,28,79.41,1,181.92
2026-03-17,Solar Leads Q1,Solar Local,solar company near me,707,22,55.48,1,184.85
2026-03-17,Solar Leads Q1,Solar Local,solar installation near me,366,14,41.86,1,268.71
2026-03-18,Home Insurance,Insurance General,best home insurance,265,9,44.73,0,0.0
2026-03-18,Home Insurance,Insurance General,home insurance,220,9,44.18,0,0.0
2026-03-18,Home Insurance,Insurance General,homeowners insurance,285,11,48.54,1,112.26
2026-03-18,Home Insurance,Insurance General,house insurance policy,219,8,37.35,0,0.0
2026-03-18,Home Insurance,Insurance Quotes,cheap home insurance,210,9,52.05,0,0.0
2026-03-18,Home Insurance,Insurance Quotes,compare home insurance,197,9,44.01,1,116.3
2026-03-18,Home Insurance,Insurance Quotes,home insurance quote online,164,6,31.96,0,0.0
2026-03-18,Home Insurance,Insurance Quotes,home insurance quotes,1315,41,196.91,3,375.92
2026-03-18,Home Insurance,Insurance Quotes,home insurance rates,200,9,42.33,1,115.47
2026-03-18,Solar Leads Q1,Solar Brand,lg solar panels,891,23,41.45,0,0.0
2026-03-18,Solar Leads Q1,Solar Brand,sunpower solar,755,25,39.91,1,166.47
2026-03-18,Solar Leads Q1,Solar Brand,tesla solar roof,977,31,55.22,1,197.47
2026-03-18,Solar Leads Q1,Solar General,buy solar panels,734,25,77.97,1,175.51
2026-03-18,Solar Leads Q1,Solar General,home solar system,802,21,58.68,1,160.26
2026-03-18,Solar Leads Q1,Solar General,solar energy savings,620,21,64.4,1,168.14
2026-03-18,Solar Leads Q1,Solar General,solar panels cost,704,19,58.17,1,202.73
2026-03-18,Solar Leads Q1,Solar Local,local solar installer,751,20,53.46,1,200.48
2026-03-18,Solar Leads Q1,Solar Local,solar company near me,849,28,83.28,1,161.58
2026-03-18,Solar Leads Q1,Solar Local,solar installation near me,355,14,46.37,1,272.53
2026-03-19,Home Insurance,Insurance General,best home insurance,239,8,41.79,0,0.0
2026-03-19,Home Insurance,Insurance General,home insurance,271,9,41.7,0,0.0
2026-03-19,Home Insurance,Insurance General,homeowners insurance,231,9,40.72,0,0.0
2026-03-19,Home Insurance,Insurance General,house insurance policy,289,9,44.07,0,0.0
2026-03-19,Home Insurance,Insurance Quotes,cheap home insurance,176,8,42.91,0,0.0
2026-03-19,Home Insurance,Insurance Quotes,compare home insurance,176,8,44.21,0,0.0
2026-03-19,Home Insurance,Insurance Quotes,home insurance quote online,186,8,41.18,1,119.55
2026-03-19,Home Insurance,Insurance Quotes,home insurance quotes,1070,39,160.23,2,269.28
2026-03-19,Home Insurance,Insurance Quotes,home insurance rates,208,9,42.17,0,0.0
2026-03-19,Solar Leads Q1,Solar Brand,lg solar panels,753,24,45.93,0,0.0
2026-03-19,Solar Leads Q1,Solar Brand,sunpower solar,852,29,54.35,1,200.33
2026-03-19,Solar Leads Q1,Solar Brand,tesla solar roof,726,19,31.58,0,0.0
2026-03-19,Solar Leads Q1,Solar General,buy solar panels,831,26,78.14,1,189.76
2026-03-19,Solar Leads Q1,Solar General,home solar system,695,18,55.15,1,201.58
2026-03-19,Solar Leads Q1,Solar General,solar energy savings,787,27,84.46,1,191.4
2026-03-19,Solar Leads Q1,Solar General,solar panels cost,779,22,63.78,1,156.45
2026-03-19,Solar Leads Q1,Solar Local,local solar installer,675,21,62.0,1,201.95
2026-03-19,Solar Leads Q1,Solar Local,solar company near me,624,20,54.5,1,163.26
2026-03-19,Solar Leads Q1,Solar Local,solar installation near me,422,22,74.14,2,511.53
2026-03-20,Home Insurance,Insurance General,best home insurance,215,6,30.31,0,0.0
2026-03-20,Home Insurance,Insurance General,home insurance,239,9,42.34,0,0.0
2026-03-20,Home Insurance,Insurance General,homeowners insurance,261,8,40.2,0,0.0
2026-03-20,Home Insurance,Insurance General,house insurance policy,259,8,36.28,0,0.0
2026-03-20,Home Insurance,Insurance Quotes,cheap home insurance,164,7,34.92,0,0.0
2026-03-20,Home Insurance,Insurance Quotes,compare home insurance,174,6,32.47,0,0.0
2026-03-20,Home Insurance,Insurance Quotes,home insurance quote online,166,7,34.61,0,0.0
2026-03-20,Home Insurance,Insurance Quotes,home insurance quotes,1097,42,175.38,2,254.65
2026-03-20,Home Insurance,Insurance Quotes,home insurance rates,182,7,32.92,0,0.0
2026-03-20,Solar Leads Q1,Solar Brand,lg solar panels,899,28,56.38,0,0.0
2026-03-20,Solar Leads Q1,Solar Brand,sunpower solar,877,23,43.73,1,188.13
2026-03-20,Solar Leads Q1,Solar Brand,tesla solar roof,965,26,41.6,1,155.62
2026-03-20,Solar Leads Q1,Solar General,buy solar panels,660,22,62.91,1,168.7
2026-03-20,Solar Leads Q1,Solar General,home solar system,802,23,60.52,1,173.71
2026-03-20,Solar Leads Q1,Solar General,solar energy savings,839,22,58.97,1,186.84
2026-03-20,Solar Leads Q1,Solar General,solar panels cost,625,17,46.27,1,153.76
2026-03-20,Solar Leads Q1,Solar Local,local solar installer,723,20,61.62,1,160.09
2026-03-20,Solar Leads Q1,Solar Local,solar company near me,858,24,64.66,1,204.2
2026-03-20,Solar Leads Q1,Solar Local,solar installation near me,413,18,60.75,1,285.76
2026-03-21,Home Insurance,Insurance General,best home insurance,265,9,41.6,0,0.0
2026-03-21,Home Insurance,Insurance General,home insurance,233,9,40.73,0,0.0
2026-03-21,Home Insurance,Insurance General,homeowners insurance,255,10,48.88,1,114.18
2026-03-21,Home Insurance,Insurance General,house insurance policy,268,8,38.61,0,0.0
2026-03-21,Home Insurance,Insurance Quotes,cheap home insurance,167,6,34.72,0,0.0
2026-03-21,Home Insurance,Insurance Quotes,compare home insurance,197,9,43.82,0,0.0
2026-03-21,Home Insurance,Insurance Quotes,home insurance quote online,226,8,45.11,0,0.0
2026-03-21,Home Insurance,Insurance Quotes,home insurance quotes,1007,40,201.07,2,265.12
2026-03-21,Home Insurance,Insurance Quotes,home insurance rates,172,7,35.94,0,0.0
2026-03-21,Solar Leads Q1,Solar Brand,lg solar panels,978,25,41.01,1,155.48
2026-03-21,Solar Leads Q1,Solar Brand,sunpower solar,942,30,55.18,1,173.51
2026-03-21,Solar Leads Q1,Solar Brand,tesla solar roof,705,23,40.0,1,205.57
2026-03-21,Solar Leads Q1,Solar General,buy solar panels,782,27,74.47,1,197.01
2026-03-21,Solar Leads Q1,Solar General,home solar system,845,27,67.36,1,172.31
2026-03-21,Solar Leads Q1,Solar General,solar energy savings,699,23,69.06,1,193.94
2026-03-21,Solar Leads Q1,Solar General,solar panels cost,641,17,47.19,1,168.69
2026-03-21,Solar Leads Q1,Solar Local,local solar installer,630,22,64.5,1,175.47
2026-03-21,Solar Leads Q1,Solar Local,solar company near me,830,26,78.93,1,159.11
2026-03-21,Solar Leads Q1,Solar Local,solar installation near me,385,20,59.13,1,254.06
2026-03-22,Home Insurance,Insurance General,best home insurance,284,10,49.16,0,0.0
2026-03-22,Home Insurance,Insurance General,home insurance,217,8,42.6,0,0.0
2026-03-22,Home Insurance,Insurance General,homeowners insurance,280,10,53.01,0,0.0
2026-03-22,Home Insurance,Insurance General,house insurance policy,257,10,44.28,0,0.0
2026-03-22,Home Insurance,Insurance Quotes,cheap home insurance,214,10,49.49,1,135.68
2026-03-22,Home Insurance,Insurance Quotes,compare home insurance,178,8,42.92,0,0.0
2026-03-22,Home Insurance,Insurance Quotes,home insurance quote online,173,7,35.99,0,0.0
2026-03-22,Home Insurance,Insurance Quotes,home insurance quotes,1313,46,227.66,3,410.81
2026-03-22,Home Insurance,Insurance Quotes,home insurance rates,234,10,54.15,1,120.14
2026-03-22,Solar Leads Q1,Solar Brand,lg solar panels,877,29,56.43,1,188.56
2026-03-22,Solar Leads Q1,Solar Brand,sunpower solar,754,26,48.05,1,177.68
2026-03-22,Solar Leads Q1,Solar Brand,tesla solar roof,916,24,46.12,1,203.04
2026-03-22,Solar Leads Q1,Solar General,buy solar panels,782,23,65.33,1,191.66
2026-03-22,Solar Leads Q1,Solar General,home solar system,713,18,55.85,1,177.54
2026-03-22,Solar Leads Q1,Solar General,solar energy savings,697,21,60.48,1,189.26
2026-03-22,Solar Leads Q1,Solar General,solar panels cost,765,19,52.08,1,185.63
2026-03-22,Solar Leads Q1,Solar Local,local solar installer,652,21,54.06,1,158.78
2026-03-22,Solar Leads Q1,Solar Local,solar company near me,693,21,65.35,1,155.47
2026-03-22,Solar Leads Q1,Solar Local,solar installation near me,437,18,52.26,1,277.15
2026-03-23,Home Insurance,Insurance General,best home insurance,243,9,41.93,0,0.0
2026-03-23,Home Insurance,Insurance General,home insurance,287,11,56.98,1,129.18
2026-03-23,Home Insurance,Insurance General,homeowners insurance,259,10,48.54,1,112.59
2026-03-23,Home Insurance,Insurance General,house insurance policy,266,8,35.43,0,0.0
2026-03-23,Home Insurance,Insurance Quotes,cheap home insurance,205,8,41.51,0,0.0
2026-03-23,Home Insurance,Insurance Quotes,compare home insurance,177,6,29.1,0,0.0
2026-03-23,Home Insurance,Insurance Quotes,home insurance quote online,167,8,39.83,0,0.0
2026-03-23,Home Insurance,Insurance Quotes,home insurance quotes,1126,46,194.83,2,215.07
2026-03-23,Home Insurance,Insurance Quotes,home insurance rates,170,6,31.48,0,0.0
2026-03-23,Solar Leads Q1,Solar Brand,lg solar panels,773,24,38.15,1,199.99
2026-03-23,Solar Leads Q1,Solar Brand,sunpower solar,941,26,49.99,1,203.03
2026-03-23,Solar Leads Q1,Solar Brand,tesla solar roof,989,35,61.3,1,182.81
2026-03-23,Solar Leads Q1,Solar General,buy solar panels,795,21,53.79,1,161.69
2026-03-23,Solar Leads Q1,Solar General,home solar system,843,28,74.37,1,154.36
2026-03-23,Solar Leads Q1,Solar General,solar energy savings,795,23,65.49,1,198.44
2026-03-23,Solar Leads Q1,Solar General,solar panels cost,702,18,52.75,1,178.94
2026-03-23,Solar Leads Q1,Solar Local,local solar installer,848,28,82.91,1,165.83
2026-03-23,Solar Leads Q1,Solar Local,solar company near me,623,21,62.38,1,199.87
2026-03-23,Solar Leads Q1,Solar Local,solar installation near me,364,18,54.65,1,249.35
2026-03-24,Home Insurance,Insurance General,best home insurance,273,10,49.36,0,0.0
2026-03-24,Home Insurance,Insurance General,home insurance,212,6,27.64,0,0.0
2026-03-24,Home Insurance,Insurance General,homeowners insurance,225,7,34.2,0,0.0
2026-03-24,Home Insurance,Insurance General,house insurance policy,206,8,37.78,0,0.0
2026-03-24,Home Insurance,Insurance Quotes,cheap home insurance,173,7,36.69,0,0.0
2026-03-24,Home Insurance,Insurance Quotes,compare home insurance,174,8,46.19,1,130.62
2026-03-24,Home Insurance,Insurance Quotes,home insurance quote online,195,8,44.25,0,0.0
2026-03-24,Home Insurance,Insurance Quotes,home insurance quotes,1029,43,213.38,2,210.23
2026-03-24,Home Insurance,Insurance Quotes,home insurance rates,190,9,49.38,0,0.0
2026-03-24,Solar Leads Q1,Solar Brand,lg solar panels,984,32,59.63,1,177.8
2026-03-24,Solar Leads Q1,Solar Brand,sunpower solar,902,30,48.37,1,175.91
2026-03-24,Solar Leads Q1,Solar Brand,tesla solar roof,861,28,45.61,1,194.86
2026-03-24,Solar Leads Q1,Solar General,buy solar panels,862,30,80.39,1,182.17
2026-03-24,Solar Leads Q1,Solar General,home solar system,780,24,73.72,1,189.86
2026-03-24,Solar Leads Q1,Solar General,solar energy savings,879,22,66.39,1,177.07
2026-03-24,Solar Leads Q1,Solar General,solar panels cost,673,22,59.54,1,206.82
2026-03-24,Solar Leads Q1,Solar Local,local solar installer,660,23,71.33,1,153.4
2026-03-24,Solar Leads Q1,Solar Local,solar company near me,626,21,58.03,1,180.75
2026-03-24,Solar Leads Q1,Solar Local,solar installation near me,459,23,69.76,2,551.49
2026-03-25,Home Insurance,Insurance General,best home insurance,211,6,25.87,0,0.0
2026-03-25,Home Insurance,Insurance General,home insurance,270,11,48.17,0,0.0
2026-03-25,Home Insurance,Insurance General,homeowners insurance,254,8,36.61,0,0.0
2026-03-25,Home Insurance,Insurance General,house insurance policy,217,8,41.71,0,0.0
2026-03-25,Home Insurance,Insurance Quotes,cheap home insurance,219,10,48.55,0,0.0
2026-03-25,Home Insurance,Insurance Quotes,compare home insurance,192,8,41.7,0,0.0
2026-03-25,Home Insurance,Insurance Quotes,home insurance quote online,235,10,52.54,1,115.17
2026-03-25,Home Insurance,Insurance Quotes,home insurance quotes,1159,45,206.48,3,365.57
2026-03-25,Home Insurance,Insurance Quotes,home insurance rates,208,8,44.66,0,0.0
2026-03-25,Solar Leads Q1,Solar Brand,lg solar panels,764,25,42.26,1,198.37
2026-03-25,Solar Leads Q1,Solar Brand,sunpower solar,834,26,44.75,1,184.55
2026-03-25,Solar Leads Q1,Solar Brand,tesla solar roof,808,23,42.05,1,153.26
2026-03-25,Solar Leads Q1,Solar General,buy solar panels,663,22,57.08,1,198.97
2026-03-25,Solar Leads Q1,Solar General,home solar system,753,20,57.96,1,198.08
2026-03-25,Solar Leads Q1,Solar General,solar energy savings,817,28,74.73,1,175.28
2026-03-25,Solar Leads Q1,Solar General,solar panels cost,616,19,48.39,1,204.14
2026-03-25,Solar Leads Q1,Solar Local,local solar installer,791,20,51.0,1,201.61
2026-03-25,Solar Leads Q1,Solar Local,solar company near me,641,21,52.69,1,170.87
2026-03-25,Solar Leads Q1,Solar Local,solar installation near me,471,21,74.17,2,498.23
2026-03-26,Home Insurance,Insurance General,best home insurance,228,7,30.02,0,0.0
2026-03-26,Home Insurance,Insurance General,home insurance,278,11,49.38,0,0.0
2026-03-26,Home Insurance,Insurance General,homeowners insurance,219,9,40.2,0,0.0
2026-03-26,Home Insurance,Insurance General,house insurance policy,219,8,39.08,0,0.0
2026-03-26,Home Insurance,Insurance Quotes,cheap home insurance,207,10,56.12,1,108.55
2026-03-26,Home Insurance,Insurance Quotes,compare home insurance,183,8,43.19,0,0.0
2026-03-26,Home Insurance,Insurance Quotes,home insurance quote online,196,10,46.83,1,108.14
2026-03-26,Home Insurance,Insurance Quotes,home insurance quotes,992,41,187.32,2,224.41
2026-03-26,Home Insurance,Insurance Quotes,home insurance rates,180,7,37.19,0,0.0
2026-03-26,Solar Leads Q1,Solar Brand,lg solar panels,754,21,35.18,1,159.39
2026-03-26,Solar Leads Q1,Solar Brand,sunpower solar,962,29,50.36,1,185.63
2026-03-26,Solar Leads Q1,Solar Brand,tesla solar roof,739,20,36.02,0,0.0
2026-03-26,Solar Leads Q1,Solar General,buy solar panels,737,18,50.03,1,170.5
2026-03-26,Solar Leads Q1,Solar General,home solar system,626,17,46.11,1,172.51
2026-03-26,Solar Leads Q1,Solar General,solar energy savings,711,19,52.99,1,156.39
2026-03-26,Solar Leads Q1,Solar General,solar panels cost,871,28,72.36,1,192.74
2026-03-26,Solar Leads Q1,Solar Local,local solar installer,754,22,66.56,1,180.88
2026-03-26,Solar Leads Q1,Solar Local,solar company near me,661,21,59.43,1,188.28
2026-03-26,Solar Leads Q1,Solar Local,solar installation near me,403,20,67.13,2,495.38
2026-03-27,Home Insurance,Insurance General,best home insurance,271,11,55.4,0,0.0
2026-03-27,Home Insurance,Insurance General,home insurance,281,10,45.16,0,0.0
2026-03-27,Home Insurance,Insurance General,homeowners insurance,272,9,45.07,0,0.0
2026-03-27,Home Insurance,Insurance General,house insurance policy,254,8,37.2,0,0.0
2026-03-27,Home Insurance,Insurance Quotes,cheap home insurance,164,6,34.68,0,0.0
2026-03-27,Home Insurance,Insurance Quotes,compare home insurance,168,6,30.72,0,0.0
2026-03-27,Home Insurance,Insurance Quotes,home insurance quote online,203,9,44.99,1,107.79
2026-03-27,Home Insurance,Insurance Quotes,home insurance quotes,1286,43,191.02,2,232.84
2026-03-27,Home Insurance,Insurance Quotes,home insurance rates,234,10,50.56,1,127.62
2026-03-27,Solar Leads Q1,Solar Brand,lg solar panels,793,23,43.27,0,0.0
2026-03-27,Solar Leads Q1,Solar Brand,sunpower solar,965,28,47.78,1,191.29
2026-03-27,Solar Leads Q1,Solar Brand,tesla solar roof,873,23,44.28,0,0.0
2026-03-27,Solar Leads Q1,Solar General,buy solar panels,824,26,79.74,1,173.0
2026-03-27,Solar Leads Q1,Solar General,home solar system,745,19,48.32,1,197.69
2026-03-27,Solar Leads Q1,Solar General,solar energy savings,780,20,55.68,1,180.18
2026-03-27,Solar Leads Q1,Solar General,solar panels cost,751,22,66.92,1,158.2
2026-03-27,Solar Leads Q1,Solar Local,local solar installer,651,19,48.06,1,199.39
2026-03-27,Solar Leads Q1,Solar Local,solar company near me,774,25,68.0,1,190.62
2026-03-27,Solar Leads Q1,Solar Local,solar installation near me,404,16,45.59,1,275.06
2026-03-28,Home Insurance,Insurance General,best home insurance,251,7,37.27,0,0.0
2026-03-28,Home Insurance,Insurance General,home insurance,274,10,48.73,1,118.52
2026-03-28,Home Insurance,Insurance General,homeowners insurance,257,7,33.28,0,0.0
2026-03-28,Home Insurance,Insurance General,house insurance policy,294,11,54.49,0,0.0
2026-03-28,Home Insurance,Insurance Quotes,cheap home insurance,229,10,54.29,0,0.0
2026-03-28,Home Insurance,Insurance Quotes,compare home insurance,178,7,39.66,0,0.0
2026-03-28,Home Insurance,Insurance Quotes,home insurance quote online,189,9,46.54,0,0.0
2026-03-28,Home Insurance,Insurance Quotes,home insurance quotes,1275,54,219.26,2,271.06
2026-03-28,Home Insurance,Insurance Quotes,home insurance rates,171,8,38.17,0,0.0
2026-03-28,Solar Leads Q1,Solar Brand,lg solar panels,945,29,56.91,1,205.17
2026-03-28,Solar Leads Q1,Solar Brand,sunpower solar,872,24,47.66,1,158.75
2026-03-28,Solar Leads Q1,Solar Brand,tesla solar roof,787,27,43.61,1,204.66
2026-03-28,Solar Leads Q1,Solar General,buy solar panels,615,16,42.0,1,195.1
2026-03-28,Solar Leads Q1,Solar General,home solar system,754,20,57.34,1,154.95
2026-03-28,Solar Leads Q1,Solar General,solar energy savings,792,26,67.59,1,154.81
2026-03-28,Solar Leads Q1,Solar General,solar panels cost,870,29,83.1,1,176.7
2026-03-28,Solar Leads Q1,Solar Local,local solar installer,875,24,64.75,1,163.5
2026-03-28,Solar Leads Q1,Solar Local,solar company near me,639,18,45.18,1,202.41
2026-03-28,Solar Leads Q1,Solar Local,solar installation near me,384,18,55.57,1,272.32
2026-03-29,Home Insurance,Insurance General,best home insurance,255,9,41.13,0,0.0
2026-03-29,Home Insurance,Insurance General,home insurance,226,8,36.28,0,0.0
2026-03-29,Home Insurance,Insurance General,homeowners insurance,218,8,42.63,0,0.0
2026-03-29,Home Insurance,Insurance General,house insurance policy,281,10,53.71,0,0.0
2026-03-29,Home Insurance,Insurance Quotes,cheap home insurance,172,8,36.81,0,0.0
2026-03-29,Home Insurance,Insurance Quotes,compare home insurance,210,8,42.36,0,0.0
2026-03-29,Home Insurance,Insurance Quotes,home insurance quote online,189,8,39.95,1,111.28
2026-03-29,Home Insurance,Insurance Quotes,home insurance quotes,1335,50,201.24,3,354.58
2026-03-29,Home Insurance,Insurance Quotes,home insurance rates,199,9,48.75,1,115.72
2026-03-29,Solar Leads Q1,Solar Brand,lg solar panels,737,23,38.22,0,0.0
2026-03-29,Solar Leads Q1,Solar Brand,sunpower solar,841,26,43.85,1,179.93
2026-03-29,Solar Leads Q1,Solar Brand,tesla solar roof,911,26,43.55,1,168.1
2026-03-29,Solar Leads Q1,Solar General,buy solar panels,629,21,59.88,1,182.2
2026-03-29,Solar Leads Q1,Solar General,home solar system,880,30,83.81,1,164.99
2026-03-29,Solar Leads Q1,Solar General,solar energy savings,747,26,74.91,1,199.91
2026-03-29,Solar Leads Q1,Solar General,solar panels cost,821,25,71.91,1,179.04
2026-03-29,Solar Leads Q1,Solar Local,local solar installer,702,22,62.8,1,182.62
2026-03-29,Solar Leads Q1,Solar Local,solar company near me,739,24,70.4,1,164.38
2026-03-29,Solar Leads Q1,Solar Local,solar installation near me,384,18,57.63,1,284.78
2026-03-30,Home Insurance,Insurance General,best home insurance,262,9,43.44,0,0.0
2026-03-30,Home Insurance,Insurance General,home insurance,282,9,44.9,0,0.0
2026-03-30,Home Insurance,Insurance General,homeowners insurance,229,8,38.77,0,0.0
2026-03-30,Home Insurance,Insurance General,house insurance policy,258,9,39.85,0,0.0
2026-03-30,Home Insurance,Insurance Quotes,cheap home insurance,230,11,50.45,1,102.33
2026-03-30,Home Insurance,Insurance Quotes,compare home insurance,185,7,35.79,0,0.0
2026-03-30,Home Insurance,Insurance Quotes,home insurance quote online,222,10,45.76,1,118.89
2026-03-30,Home Insurance,Insurance Quotes,home insurance quotes,1174,42,202.82,2,225.86
2026-03-30,Home Insurance,Insurance Quotes,home insurance rates,204,8,40.72,0,0.0
2026-03-30,Solar Leads Q1,Solar Brand,lg solar panels,888,23,39.26,1,154.54
2026-03-30,Solar Leads Q1,Solar Brand,sunpower solar,818,27,43.08,1,167.17
2026-03-30,Solar Leads Q1,Solar Brand,tesla solar roof,897,31,51.18,1,166.36
2026-03-30,Solar Leads Q1,Solar General,buy solar panels,688,20,57.94,1,172.61
2026-03-30,Solar Leads Q1,Solar General,home solar system,676,19,48.88,1,167.44
2026-03-30,Solar Leads Q1,Solar General,solar energy savings,785,24,64.58,1,156.85
2026-03-30,Solar Leads Q1,Solar General,solar panels cost,785,21,55.79,1,196.62
2026-03-30,Solar Leads Q1,Solar Local,local solar installer,642,16,41.22,1,182.62
2026-03-30,Solar Leads Q1,Solar Local,solar company near me,793,28,82.69,1,157.32
2026-03-30,Solar Leads Q1,Solar Local,solar installation near me,467,20,65.34,1,235.2
2026-03-31,Home Insurance,Insurance General,best home insurance,289,10,42.73,0,0.0
2026-03-31,Home Insurance,Insurance General,home insurance,227,9,45.98,0,0.0
2026-03-31,Home Insurance,Insurance General,homeowners insurance,246,9,38.36,0,0.0
2026-03-31,Home Insurance,Insurance General,house insurance policy,266,9,42.92,0,0.0
2026-03-31,Home Insurance,Insurance Quotes,cheap home insurance,164,6,33.37,0,0.0
2026-03-31,Home Insurance,Insurance Quotes,compare home insurance,190,7,37.24,0,0.0
2026-03-31,Home Insurance,Insurance Quotes,home insurance quote online,187,7,37.56,0,0.0
2026-03-31,Home Insurance,Insurance Quotes,home insurance quotes,1367,59,246.3,3,318.2
2026-03-31,Home Insurance,Insurance Quotes,home insurance rates,231,11,58.83,1,104.15
2026-03-31,Solar Leads Q1,Solar Brand,lg solar panels,954,32,53.34,1,159.59
2026-03-31,Solar Leads Q1,Solar Brand,sunpower solar,838,28,56.42,1,198.55
2026-03-31,Solar Leads Q1,Solar Brand,tesla solar roof,714,24,47.88,0,0.0
2026-03-31,Solar Leads Q1,Solar General,buy solar panels,786,25,66.47,1,186.63
2026-03-31,Solar Leads Q1,Solar General,home solar system,833,24,71.12,1,162.85
2026-03-31,Solar Leads Q1,Solar General,solar energy savings,860,29,86.36,1,168.37
2026-03-31,Solar Leads Q1,Solar General,solar panels cost,717,20,54.52,1,165.94
2026-03-31,Solar Leads Q1,Solar Local,local solar installer,748,21,53.87,1,196.17
2026-03-31,Solar Leads Q1,Solar Local,solar company near me,687,22,55.72,1,165.57
2026-03-31,Solar Leads Q1,Solar Local,solar installation near me,330,12,35.52,1,243.67
2026-04-01,Home Insurance,Insurance General,best home insurance,259,8,37.17,0,0.0
2026-04-01,Home Insurance,Insurance General,home insurance,252,7,30.46,0,0.0
2026-04-01,Home Insurance,Insurance General,homeowners insurance,223,8,41.84,0,0.0
2026-04-01,Home Insurance,Insurance General,house insurance policy,264,9,46.69,0,0.0
2026-04-01,Home Insurance,Insurance Quotes,cheap home insurance,183,6,33.62,0,0.0
2026-04-01,Home Insurance,Insurance Quotes,compare home insurance,233,8,46.04,0,0.0
2026-04-01,Home Insurance,Insurance Quotes,home insurance quote online,231,9,47.45,0,0.0
2026-04-01,Home Insurance,Insurance Quotes,home insurance quotes,1368,44,197.59,3,312.56
2026-04-01,Home Insurance,Insurance Quotes,home insurance rates,201,8,38.5,0,0.0
2026-04-01,Solar Leads Q1,Solar Brand,lg solar panels,865,27,48.57,1,187.61
2026-04-01,Solar Leads Q1,Solar Brand,sunpower solar,702,24,39.94,1,165.89
2026-04-01,Solar Leads Q1,Solar Brand,tesla solar roof,898,27,51.18,1,181.3
2026-04-01,Solar Leads Q1,Solar General,buy solar panels,733,20,55.8,1,163.25
2026-04-01,Solar Leads Q1,Solar General,home solar system,801,23,59.65,1,201.53
2026-04-01,Solar Leads Q1,Solar General,solar energy savings,827,27,84.34,1,176.69
2026-04-01,Solar Leads Q1,Solar General,solar panels cost,804,27,78.22,1,165.56
2026-04-01,Solar Leads Q1,Solar Local,local solar installer,714,18,47.54,1,173.47
2026-04-01,Solar Leads Q1,Solar Local,solar company near me,764,19,58.49,1,168.97
2026-04-01,Solar Leads Q1,Solar Local,solar installation near me,378,18,53.27,1,277.23
2026-04-02,Home Insurance,Insurance General,best home insurance,286,10,48.88,0,0.0
2026-04-02,Home Insurance,Insurance General,home insurance,217,7,32.44,0,0.0
2026-04-02,Home Insurance,Insurance General,homeowners insurance,213,7,36.11,0,0.0
2026-04-02,Home Insurance,Insurance General,house insurance policy,276,9,45.52,0,0.0
2026-04-02,Home Insurance,Insurance Quotes,cheap home insurance,207,7,37.73,0,0.0
2026-04-02,Home Insurance,Insurance Quotes,compare home insurance,166,7,34.69,0,0.0
2026-04-02,Home Insurance,Insurance Quotes,home insurance quote online,193,9,50.36,1,110.16
2026-04-02,Home Insurance,Insurance Quotes,home insurance quotes,1017,32,146.64,2,229.05
2026-04-02,Home Insurance,Insurance Quotes,home insurance rates,167,8,38.81,0,0.0
2026-04-02,Solar Leads Q1,Solar Brand,lg solar panels,867,30,54.7,1,155.04
2026-04-02,Solar Leads Q1,Solar Brand,sunpower solar,1000,28,50.61,1,164.98
2026-04-02,Solar Leads Q1,Solar Brand,tesla solar roof,703,24,46.89,1,167.9
2026-04-02,Solar Leads Q1,Solar General,buy solar panels,700,25,67.52,1,173.07
2026-04-02,Solar Leads Q1,Solar General,home solar system,706,19,51.94,1,176.92
2026-04-02,Solar Leads Q1,Solar General,solar energy savings,794,27,74.85,1,162.74
2026-04-02,Solar Leads Q1,Solar General,solar panels cost,727,19,56.38,1,172.33
2026-04-02,Solar Leads Q1,Solar Local,local solar installer,722,23,63.59,1,185.17
2026-04-02,Solar Leads Q1,Solar Local,solar company near me,821,28,73.02,1,204.93
2026-04-02,Solar Leads Q1,Solar Local,solar installation near me,390,19,64.65,1,263.28
2026-04-03,Home Insurance,Insurance General,best home insurance,257,10,42.45,0,0.0
2026-04-03,Home Insurance,Insurance General,home insurance,206,8,41.35,0,0.0
2026-04-03,Home Insurance,Insurance General,homeowners insurance,223,8,34.0,0,0.0
2026-04-03,Home Insurance,Insurance General,house insurance policy,248,9,40.7,0,0.0
2026-04-03,Home Insurance,Insurance Quotes,cheap home insurance,165,8,45.24,0,0.0
2026-04-03,Home Insurance,Insurance Quotes,compare home insurance,234,8,40.41,0,0.0
2026-04-03,Home Insurance,Insurance Quotes,home insurance quote online,191,7,32.1,0,0.0
2026-04-03,Home Insurance,Insurance Quotes,home insurance quotes,1324,52,221.87,2,251.14
2026-04-03,Home Insurance,Insurance Quotes,home insurance rates,177,7,36.68,0,0.0
2026-04-03,Solar Leads Q1,Solar Brand,lg solar panels,713,25,40.81,1,199.91
2026-04-03,Solar Leads Q1,Solar Brand,sunpower solar,999,29,53.66,1,155.42
2026-04-03,Solar Leads Q1,Solar Brand,tesla solar roof,758,22,42.62,1,199.05
2026-04-03,Solar Leads Q1,Solar General,buy solar panels,746,24,68.16,1,186.26
2026-04-03,Solar Leads Q1,Solar General,home solar system,750,25,63.03,1,160.28
2026-04-03,Solar Leads Q1,Solar General,solar energy savings,637,20,51.06,1,174.56
2026-04-03,Solar Leads Q1,Solar General,solar panels cost,751,20,57.28,1,174.29
2026-04-03,Solar Leads Q1,Solar Local,local solar installer,775,19,50.91,1,206.33
2026-04-03,Solar Leads Q1,Solar Local,solar company near me,639,20,61.7,1,171.81
2026-04-03,Solar Leads Q1,Solar Local,solar installation near me,363,14,47.33,1,250.82
2026-04-04,Home Insurance,Insurance General,best home insurance,214,7,35.85,0,0.0
2026-04-04,Home Insurance,Insurance General,cheap auto policy free,89,2,4.76,0,0.0
2026-04-04,Home Insurance,Insurance General,home insurance,290,9,43.79,0,0.0
2026-04-04,Home Insurance,Insurance General,homeowners insurance,273,11,55.68,1,116.81
2026-04-04,Home Insurance,Insurance General,house insurance policy,289,12,56.81,1,111.86
2026-04-04,Home Insurance,Insurance Quotes,cheap home insurance,190,9,49.18,0,0.0
2026-04-04,Home Insurance,Insurance Quotes,compare home insurance,166,8,38.54,0,0.0
2026-04-04,Home Insurance,Insurance Quotes,home insurance quote online,213,9,45.22,1,123.77
2026-04-04,Home Insurance,Insurance Quotes,home insurance quotes,1228,42,178.42,2,253.49
2026-04-04,Home Insurance,Insurance Quotes,home insurance rates,217,11,56.01,1,104.38
2026-04-04,Home Insurance,Insurance Quotes,solar panels scam,69,1,2.15,0,0.0
2026-04-04,Solar Leads Q1,Solar Brand,lg solar panels,741,26,52.14,1,170.14
2026-04-04,Solar Leads Q1,Solar Brand,sunpower solar,739,23,38.49,1,199.58
2026-04-04,Solar Leads Q1,Solar Brand,tesla solar roof,912,28,48.09,1,206.77
2026-04-04,Solar Leads Q1,Solar General,buy solar panels,835,21,64.31,1,168.13
2026-04-04,Solar Leads Q1,Solar General,free government solar program scam,59,1,2.36,0,0.0
2026-04-04,Solar Leads Q1,Solar General,home solar system,750,25,78.03,1,200.45
2026-04-04,Solar Leads Q1,Solar General,solar energy savings,708,20,51.39,1,165.76
2026-04-04,Solar Leads Q1,Solar General,solar panels cost,681,21,52.05,1,174.24
2026-04-04,Solar Leads Q1,Solar Local,local solar installer,877,30,77.0,1,182.28
2026-04-04,Solar Leads Q1,Solar Local,solar company near me,780,24,74.63,1,165.98
2026-04-04,Solar Leads Q1,Solar Local,solar installation near me,457,22,64.52,2,507.75
2026-04-04,Solar Leads Q1,Solar Local,solar panels stock tips,79,1,2.97,0,0.0
2026-04-05,Home Insurance,Insurance General,best home insurance,283,9,39.57,0,0.0
2026-04-05,Home Insurance,Insurance General,cheap auto policy free,33,1,1.61,0,0.0
2026-04-05,Home Insurance,Insurance General,home insurance,215,7,30.56,0,0.0
2026-04-05,Home Insurance,Insurance General,homeowners insurance,276,10,46.66,1,115.63
2026-04-05,Home Insurance,Insurance General,house insurance policy,274,11,51.29,0,0.0
2026-04-05,Home Insurance,Insurance Quotes,cheap home insurance,203,7,39.5,0,0.0
2026-04-05,Home Insurance,Insurance Quotes,compare home insurance,198,8,42.49,0,0.0
2026-04-05,Home Insurance,Insurance Quotes,home insurance quote online,178,8,37.92,0,0.0
2026-04-05,Home Insurance,Insurance Quotes,home insurance quotes,1316,49,210.42,3,318.7
2026-04-05,Home Insurance,Insurance Quotes,home insurance rates,203,9,43.93,0,0.0
2026-04-05,Home Insurance,Insurance Quotes,solar panels scam,52,1,3.21,0,0.0
2026-04-05,Solar Leads Q1,Solar Brand,lg solar panels,908,31,52.45,1,191.79
2026-04-05,Solar Leads Q1,Solar Brand,sunpower solar,910,24,47.74,1,177.35
2026-04-05,Solar Leads Q1,Solar Brand,tesla solar roof,877,28,46.52,1,177.55
2026-04-05,Solar Leads Q1,Solar General,buy solar panels,765,23,68.03,1,155.66
2026-04-05,Solar Leads Q1,Solar General,free government solar program scam,72,1,2.71,0,0.0
2026-04-05,Solar Leads Q1,Solar General,home solar system,626,22,66.43,1,174.36
2026-04-05,Solar Leads Q1,Solar General,solar energy savings,851,28,78.87,1,177.39
2026-04-05,Solar Leads Q1,Solar General,solar panels cost,699,22,59.83,1,185.07
2026-04-05,Solar Leads Q1,Solar Local,local solar installer,736,24,72.52,1,195.05
2026-04-05,Solar Leads Q1,Solar Local,solar company near me,780,20,54.96,1,160.68
2026-04-05,Solar Leads Q1,Solar Local,solar installation near me,385,16,48.63,1,257.99
2026-04-05,Solar Leads Q1,Solar Local,solar panels stock tips,51,1,1.6,0,0.0
2026-04-06,Home Insurance,Insurance General,best home insurance,234,7,33.65,0,0.0
2026-04-06,Home Insurance,Insurance General,cheap auto policy free,81,2,6.18,0,0.0
2026-04-06,Home Insurance,Insurance General,home insurance,261,8,34.01,0,0.0
2026-04-06,Home Insurance,Insurance General,homeowners insurance,242,8,43.0,0,0.0
2026-04-06,Home Insurance,Insurance General,house insurance policy,223,7,29.66,0,0.0
2026-04-06,Home Insurance,Insurance Quotes,cheap home insurance,209,10,51.77,1,114.06
2026-04-06,Home Insurance,Insurance Quotes,compare home insurance,193,9,49.99,1,112.78
2026-04-06,Home Insurance,Insurance Quotes,home insurance quote online,212,10,49.98,1,125.24
2026-04-06,Home Insurance,Insurance Quotes,home insurance quotes,1250,39,184.95,2,227.8
2026-04-06,Home Insurance,Insurance Quotes,home insurance rates,186,8,43.85,0,0.0
2026-04-06,Home Insurance,Insurance Quotes,solar panels scam,34,1,2.06,0,0.0
2026-04-06,Solar Leads Q1,Solar Brand,lg solar panels,883,28,46.53,1,153.09
2026-04-06,Solar Leads Q1,Solar Brand,sunpower solar,793,24,44.33,1,172.11
2026-04-06,Solar Leads Q1,Solar Brand,tesla solar roof,869,26,42.64,1,179.6
2026-04-06,Solar Leads Q1,Solar General,buy solar panels,730,22,55.21,1,160.27
2026-04-06,Solar Leads Q1,Solar General,free government solar program scam,31,1,2.25,0,0.0
2026-04-06,Solar Leads Q1,Solar General,home solar system,640,18,55.62,1,173.46
2026-04-06,Solar Leads Q1,Solar General,solar energy savings,827,22,63.0,1,184.26
2026-04-06,Solar Leads Q1,Solar General,solar panels cost,663,21,57.63,1,190.34
2026-04-06,Solar Leads Q1,Solar Local,local solar installer,800,28,78.09,1,168.51
2026-04-06,Solar Leads Q1,Solar Local,solar company near me,644,21,60.38,1,206.31
2026-04-06,Solar Leads Q1,Solar Local,solar installation near me,367,17,56.94,1,270.18
2026-04-06,Solar Leads Q1,Solar Local,solar panels stock tips,64,1,2.64,0,0.0
2026-04-07,Home Insurance,Insurance General,best home insurance,230,7,35.25,0,0.0
2026-04-07,Home Insurance,Insurance General,cheap auto policy free,59,1,2.12,0,0.0
2026-04-07,Home Insurance,Insurance General,home insurance,222,7,32.16,0,0.0
2026-04-07,Home Insurance,Insurance General,homeowners insurance,218,7,30.52,0,0.0
2026-04-07,Home Insurance,Insurance General,house insurance policy,223,7,33.71,0,0.0
2026-04-07,Home Insurance,Insurance Quotes,cheap home insurance,224,10,53.16,1,113.25
2026-04-07,Home Insurance,Insurance Quotes,compare home insurance,215,10,55.96,1,137.05
2026-04-07,Home Insurance,Insurance Quotes,home insurance quote online,167,7,32.96,0,0.0
2026-04-07,Home Insurance,Insurance Quotes,home insurance quotes,1175,39,168.71,1,126.32
2026-04-07,Home Insurance,Insurance Quotes,home insurance rates,197,7,38.63,0,0.0
2026-04-07,Home Insurance,Insurance Quotes,solar panels scam,71,1,2.43,0,0.0
2026-04-07,Solar Leads Q1,Solar Brand,lg solar panels,528,16,29.9,0,0.0
2026-04-07,Solar Leads Q1,Solar Brand,sunpower solar,571,14,26.49,0,0.0
2026-04-07,Solar Leads Q1,Solar Brand,tesla solar roof,482,14,25.77,0,0.0
2026-04-07,Solar Leads Q1,Solar General,buy solar panels,550,19,56.84,1,154.35
2026-04-07,Solar Leads Q1,Solar General,free government solar program scam,44,1,1.79,0,0.0
2026-04-07,Solar Leads Q1,Solar General,home solar system,581,16,44.28,1,159.06
2026-04-07,Solar Leads Q1,Solar General,solar energy savings,415,12,32.1,0,0.0
2026-04-07,Solar Leads Q1,Solar General,solar panels cost,517,18,49.06,1,191.08
2026-04-07,Solar Leads Q1,Solar Local,local solar installer,532,14,43.32,1,177.81
2026-04-07,Solar Leads Q1,Solar Local,solar company near me,549,14,39.42,1,197.4
2026-04-07,Solar Leads Q1,Solar Local,solar installation near me,266,11,35.05,1,272.09
2026-04-07,Solar Leads Q1,Solar Local,solar panels stock tips,87,2,6.65,0,0.0
2026-04-08,Home Insurance,Insurance General,best home insurance,233,8,40.07,0,0.0
2026-04-08,Home Insurance,Insurance General,cheap auto policy free,72,1,1.78,0,0.0
2026-04-08,Home Insurance,Insurance General,home insurance,249,9,41.94,0,0.0
2026-04-08,Home Insurance,Insurance General,homeowners insurance,286,11,57.71,0,0.0
2026-04-08,Home Insurance,Insurance General,house insurance policy,252,8,35.17,0,0.0
2026-04-08,Home Insurance,Insurance Quotes,cheap home insurance,203,7,35.26,0,0.0
2026-04-08,Home Insurance,Insurance Quotes,compare home insurance,226,11,55.27,1,127.28
2026-04-08,Home Insurance,Insurance Quotes,home insurance quote online,235,10,45.86,0,0.0
2026-04-08,Home Insurance,Insurance Quotes,home insurance quotes,1171,52,258.9,1,105.21
2026-04-08,Home Insurance,Insurance Quotes,home insurance rates,186,7,35.48,0,0.0
2026-04-08,Home Insurance,Insurance Quotes,solar panels scam,65,1,3.35,0,0.0
2026-04-08,Solar Leads Q1,Solar Brand,lg solar panels,479,12,23.96,0,0.0
2026-04-08,Solar Leads Q1,Solar Brand,sunpower solar,480,17,31.79,0,0.0
2026-04-08,Solar Leads Q1,Solar Brand,tesla solar roof,559,17,31.28,0,0.0
2026-04-08,Solar Leads Q1,Solar General,buy solar panels,553,16,48.21,1,195.79
2026-04-08,Solar Leads Q1,Solar General,free government solar program scam,83,1,2.08,0,0.0
2026-04-08,Solar Leads Q1,Solar General,home solar system,548,17,43.84,1,158.56
2026-04-08,Solar Leads Q1,Solar General,solar energy savings,415,12,33.22,0,0.0
2026-04-08,Solar Leads Q1,Solar General,solar panels cost,536,17,46.37,1,200.65
2026-04-08,Solar Leads Q1,Solar Local,local solar installer,488,16,47.86,1,165.75
2026-04-08,Solar Leads Q1,Solar Local,solar company near me,479,14,43.66,1,184.91
2026-04-08,Solar Leads Q1,Solar Local,solar installation near me,257,11,35.48,1,262.49
2026-04-08,Solar Leads Q1,Solar Local,solar panels stock tips,85,2,3.54,0,0.0
2026-04-09,Home Insurance,Insurance General,best home insurance,247,8,34.36,0,0.0
2026-04-09,Home Insurance,Insurance General,cheap auto policy free,89,2,6.35,0,0.0
2026-04-09,Home Insurance,Insurance General,home insurance,275,10,46.2,0,0.0
2026-04-09,Home Insurance,Insurance General,homeowners insurance,242,10,50.69,1,112.41
2026-04-09,Home Insurance,Insurance General,house insurance policy,288,11,46.91,0,0.0
2026-04-09,Home Insurance,Insurance Quotes,cheap home insurance,172,6,27.56,0,0.0
2026-04-09,Home Insurance,Insurance Quotes,compare home insurance,222,9,46.2,1,119.46
2026-04-09,Home Insurance,Insurance Quotes,home insurance quote online,184,7,39.47,0,0.0
2026-04-09,Home Insurance,Insurance Quotes,home insurance quotes,1253,44,212.68,1,120.2
2026-04-09,Home Insurance,Insurance Quotes,home insurance rates,226,9,50.16,0,0.0
2026-04-09,Home Insurance,Insurance Quotes,solar panels scam,78,2,6.08,0,0.0
2026-04-09,Solar Leads Q1,Solar Brand,lg solar panels,594,20,32.35,0,0.0
2026-04-09,Solar Leads Q1,Solar Brand,sunpower solar,665,22,44.2,1,157.22
2026-04-09,Solar Leads Q1,Solar Brand,tesla solar roof,482,14,27.56,0,0.0
2026-04-09,Solar Leads Q1,Solar General,buy solar panels,491,14,39.69,0,0.0
2026-04-09,Solar Leads Q1,Solar General,free government solar program scam,45,1,2.95,0,0.0
2026-04-09,Solar Leads Q1,Solar General,home solar system,519,15,44.91,1,180.51
2026-04-09,Solar Leads Q1,Solar General,solar energy savings,425,13,40.68,0,0.0
2026-04-09,Solar Leads Q1,Solar General,solar panels cost,413,13,32.66,1,176.58
2026-04-09,Solar Leads Q1,Solar Local,local solar installer,496,16,40.64,1,192.49
2026-04-09,Solar Leads Q1,Solar Local,solar company near me,476,17,48.13,1,191.06
2026-04-09,Solar Leads Q1,Solar Local,solar installation near me,300,12,39.12,1,255.36
2026-04-09,Solar Leads Q1,Solar Local,solar panels stock tips,40,1,2.97,0,0.0
2026-04-10,Home Insurance,Insurance General,best home insurance,285,11,58.72,0,0.0
2026-04-10,Home Insurance,Insurance General,cheap auto policy free,71,1,2.38,0,0.0
2026-04-10,Home Insurance,Insurance General,home insurance,207,6,26.68,0,0.0
2026-04-10,Home Insurance,Insurance General,homeowners insurance,290,11,57.05,1,106.32
2026-04-10,Home Insurance,Insurance General,house insurance policy,216,8,41.68,0,0.0
2026-04-10,Home Insurance,Insurance Quotes,cheap home insurance,191,8,44.37,0,0.0
2026-04-10,Home Insurance,Insurance Quotes,compare home insurance,195,8,39.25,1,123.97
2026-04-10,Home Insurance,Insurance Quotes,home insurance quote online,219,9,51.33,0,0.0
2026-04-10,Home Insurance,Insurance Quotes,home insurance quotes,1259,55,273.41,1,117.37
2026-04-10,Home Insurance,Insurance Quotes,home insurance rates,199,7,33.59,0,0.0
2026-04-10,Home Insurance,Insurance Quotes,solar panels scam,46,1,1.65,0,0.0
2026-04-10,Solar Leads Q1,Solar Brand,lg solar panels,486,14,22.77,0,0.0
2026-04-10,Solar Leads Q1,Solar Brand,sunpower solar,585,16,30.42,0,0.0
2026-04-10,Solar Leads Q1,Solar Brand,tesla solar roof,576,18,29.91,1,153.65
2026-04-10,Solar Leads Q1,Solar General,buy solar panels,577,17,42.02,1,204.94
2026-04-10,Solar Leads Q1,Solar General,free government solar program scam,66,1,3.05,0,0.0
2026-04-10,Solar Leads Q1,Solar General,home solar system,537,16,43.51,1,199.99
2026-04-10,Solar Leads Q1,Solar General,solar energy savings,464,15,40.98,1,181.76
2026-04-10,Solar Leads Q1,Solar General,solar panels cost,525,17,45.83,1,162.05
2026-04-10,Solar Leads Q1,Solar Local,local solar installer,528,15,37.95,1,193.45
2026-04-10,Solar Leads Q1,Solar Local,solar company near me,575,19,52.33,1,167.42
2026-04-10,Solar Leads Q1,Solar Local,solar installation near me,222,11,36.74,1,283.72
2026-04-10,Solar Leads Q1,Solar Local,solar panels stock tips,31,1,1.8,0,0.0
2026-04-11,Home Insurance,Insurance General,best home insurance,218,8,41.85,0,0.0
2026-04-11,Home Insurance,Insurance General,cheap auto policy free,73,1,1.77,0,0.0
2026-04-11,Home Insurance,Insurance General,home insurance,232,8,38.77,0,0.0
2026-04-11,Home Insurance,Insurance General,homeowners insurance,208,6,32.23,0,0.0
2026-04-11,Home Insurance,Insurance General,house insurance policy,277,10,43.6,0,0.0
2026-04-11,Home Insurance,Insurance Quotes,cheap home insurance,196,7,38.97,0,0.0
2026-04-11,Home Insurance,Insurance Quotes,compare home insurance,199,9,42.38,0,0.0
2026-04-11,Home Insurance,Insurance Quotes,home insurance quote online,173,6,32.71,0,0.0
2026-04-11,Home Insurance,Insurance Quotes,home insurance quotes,1266,48,197.42,1,103.65
2026-04-11,Home Insurance,Insurance Quotes,home insurance rates,222,11,56.19,1,113.67
2026-04-11,Home Insurance,Insurance Quotes,solar panels scam,83,2,3.85,0,0.0
2026-04-11,Solar Leads Q1,Solar Brand,lg solar panels,611,19,31.68,0,0.0
2026-04-11,Solar Leads Q1,Solar Brand,sunpower solar,503,16,28.0,1,187.05
2026-04-11,Solar Leads Q1,Solar Brand,tesla solar roof,482,15,26.09,0,0.0
2026-04-11,Solar Leads Q1,Solar General,buy solar panels,582,19,46.86,1,183.63
2026-04-11,Solar Leads Q1,Solar General,free government solar program scam,32,1,2.17,0,0.0
2026-04-11,Solar Leads Q1,Solar General,home solar system,562,19,52.38,1,182.17
2026-04-11,Solar Leads Q1,Solar General,solar energy savings,513,15,46.08,1,179.5
2026-04-11,Solar Leads Q1,Solar General,solar panels cost,578,18,52.1,1,190.8
2026-04-11,Solar Leads Q1,Solar Local,local solar installer,548,17,47.14,1,155.12
2026-04-11,Solar Leads Q1,Solar Local,solar company near me,426,13,40.41,1,157.34
2026-04-11,Solar Leads Q1,Solar Local,solar installation near me,253,12,42.41,1,266.88
2026-04-11,Solar Leads Q1,Solar Local,solar panels stock tips,37,1,3.02,0,0.0
2026-04-12,Home Insurance,Insurance General,best home insurance,211,7,33.72,0,0.0
2026-04-12,Home Insurance,Insurance General,cheap auto policy free,47,1,3.2,0,0.0
2026-04-12,Home Insurance,Insurance General,home insurance,219,9,43.17,0,0.0
2026-04-12,Home Insurance,Insurance General,homeowners insurance,227,8,35.72,0,0.0
2026-04-12,Home Insurance,Insurance General,house insurance policy,209,7,30.41,0,0.0
2026-04-12,Home Insurance,Insurance Quotes,cheap home insurance,206,7,32.67,0,0.0
2026-04-12,Home Insurance,Insurance Quotes,compare home insurance,176,7,37.36,0,0.0
2026-04-12,Home Insurance,Insurance Quotes,home insurance quote online,181,7,34.02,0,0.0
2026-04-12,Home Insurance,Insurance Quotes,home insurance quotes,1306,57,251.52,1,105.96
2026-04-12,Home Insurance,Insurance Quotes,home insurance rates,183,7,35.16,0,0.0
2026-04-12,Home Insurance,Insurance Quotes,solar panels scam,59,1,3.02,0,0.0
2026-04-12,Solar Leads Q1,Solar Brand,lg solar panels,487,13,20.89,0,0.0
2026-04-12,Solar Leads Q1,Solar Brand,sunpower solar,666,23,38.34,1,199.59
2026-04-12,Solar Leads Q1,Solar Brand,tesla solar roof,568,17,34.17,0,0.0
2026-04-12,Solar Leads Q1,Solar General,buy solar panels,461,15,42.94,1,178.7
2026-04-12,Solar Leads Q1,Solar General,free government solar program scam,44,1,2.71,0,0.0
2026-04-12,Solar Leads Q1,Solar General,home solar system,424,10,30.55,0,0.0
2026-04-12,Solar Leads Q1,Solar General,solar energy savings,552,17,43.41,1,161.52
2026-04-12,Solar Leads Q1,Solar General,solar panels cost,476,13,33.5,0,0.0
2026-04-12,Solar Leads Q1,Solar Local,local solar installer,559,16,40.37,1,183.12
2026-04-12,Solar Leads Q1,Solar Local,solar company near me,534,17,43.88,1,186.05
2026-04-12,Solar Leads Q1,Solar Local,solar installation near me,232,10,29.13,1,246.44
2026-04-12,Solar Leads Q1,Solar Local,solar panels stock tips,80,2,6.81,0,0.0
2026-04-13,Home Insurance,Insurance General,best home insurance,235,10,49.39,0,0.0
2026-04-13,Home Insurance,Insurance General,cheap auto policy free,53,1,2.47,0,0.0
2026-04-13,Home Insurance,Insurance General,home insurance,261,10,52.28,0,0.0
2026-04-13,Home Insurance,Insurance General,homeowners insurance,267,9,42.01,0,0.0
2026-04-13,Home Insurance,Insurance General,house insurance policy,260,9,45.25,0,0.0
2026-04-13,Home Insurance,Insurance Quotes,cheap home insurance,188,8,37.99,0,0.0
2026-04-13,Home Insurance,Insurance Quotes,compare home insurance,226,10,55.15,1,129.39
2026-04-13,Home Insurance,Insurance Quotes,home insurance quote online,210,9,45.3,1,129.85
2026-04-13,Home Insurance,Insurance Quotes,home insurance quotes,1006,37,161.07,1,103.47
2026-04-13,Home Insurance,Insurance Quotes,home insurance rates,228,10,49.76,1,103.96
2026-04-13,Home Insurance,Insurance Quotes,solar panels scam,63,1,2.44,0,0.0
2026-04-13,Solar Leads Q1,Solar Brand,lg solar panels,559,15,30.09,0,0.0
2026-04-13,Solar Leads Q1,Solar Brand,sunpower solar,538,15,25.17,1,153.86
2026-04-13,Solar Leads Q1,Solar Brand,tesla solar roof,497,15,28.1,0,0.0
2026-04-13,Solar Leads Q1,Solar General,buy solar panels,577,20,52.27,1,201.51
2026-04-13,Solar Leads Q1,Solar General,free government solar program scam,64,1,2.57,0,0.0
2026-04-13,Solar Leads Q1,Solar General,home solar system,487,17,42.05,1,176.45
2026-04-13,Solar Leads Q1,Solar General,solar energy savings,565,15,42.22,1,177.99
2026-04-13,Solar Leads Q1,Solar General,solar panels cost,514,16,49.16,1,175.23
2026-04-13,Solar Leads Q1,Solar Local,local solar installer,425,14,39.16,1,174.96
2026-04-13,Solar Leads Q1,Solar Local,solar company near me,481,16,44.0,1,158.29
2026-04-13,Solar Leads Q1,Solar Local,solar installation near me,223,12,37.64,1,260.22
2026-04-13,Solar Leads Q1,Solar Local,solar panels stock tips,48,1,2.24,0,0.0
